ringer,tr,ring,,bird,birdid,recap,day,month,year,season,location,resight,logger,type,harness,span,age,sex,fat,pec,wing,tail,mass1,mass2,hr,min,moult,bodymoult,headmoult,billlength,narestotip,billheight,billwidth,medcovs,greatercovs,maxtar,mintar,mouth,featherwear,capmethod
EMB,N,AP88401,,YYmO,1,1,28,9,2012,2,2,Y,none,,,,1,2,0,1,82,,15.4,,7,45,O,0,0,10.7,7.9,3.5,3.7,,,25.8,22.9,,,N
EMB,N,AP88402,,YBmB,2,1,28,9,2012,2,2,Y,none,,,,2,1,0,1,79,,15,,8,15,O,0,0,10.9,7.5,3.7,3.9,,,24.8,22.3,,,N
EMB,N,AP88403,,WOmO,3,1,28,9,2012,2,2,Y,none,,,,2,2,0,1,75,,13.3,,8,0,O,0,0,10.2,7.8,3.6,3.5,,,24,21.7,,,T
EMB,N,AP88404,,BOmY,4,1,28,9,2012,2,2,N,none,,,,,2,0,1,79,,13.7,,8,45,O,0,0,10.5,7.8,3.6,3.9,,,23.3,21.1,,,N
EMB,N,AP88405,,LWmW,5,1,29,9,2012,2,2,Y,none,,,,2,2,0,1,79,,15.5,,7,30,O,0,0,,,,,,,24.9,22.3,,,T
EMB,N,AP88406,,BBmL,6,1,29,9,2012,2,2,Y,none,,,,1,1,0,1,77,,13.8,,9,30,O,0,0,10.5,7.1,3.4,3.6,,,23.7,21.5,,,T
EMB,N,AP88407,,OOmPxA,7,1,30,9,2012,2,2,Y,none,,,,1,1,0,1,78,,14.7,,8,30,O,0,0,10.8,7.6,3.7,3.9,,,24,21.7,,,T
EMB,N,AP88408,,YOmW,8,1,30,9,2012,2,2,Y,none,,,,2,2,0,1,73,,14.6,,10,0,O,0,0,,,,,,,23.9,21.9,,,T
EMB,N,AP88410,,YPmY,9,1,11,10,2012,2,2,Y,none,,,,1,1,0,2,80,,15.5,,8,30,O,0,0,11.2,8.3,3.7,3.6,,,25.4,22.9,,0,T
EMB,N,AP88411,,WBmG,10,1,11,10,2012,2,2,Y,none,,,,1,1,0,2,80,,15.1,,9,45,O,0,0,10.1,7.6,3.2,3.2,,,24.6,21.4,,L,T
EMB,N,AP88412,,GOmW,11,1,11,10,2012,2,2,Y,none,,,,2,1,0,3,77,,14.9,,10,30,O,0,0,11.2,8.5,3.5,3.8,,,24.4,21.6,,L,T
EMB,N,AP88413,,YGmP,12,1,12,10,2012,2,4,Y,none,,,,2,,0,1,78,,15,,7,15,O,0,0,10.9,7.9,3.4,3.5,,,24.9,22.2,,H,T
EMB,N,AP88414,,WPmW,13,1,12,10,2012,2,4,Y,none,,,,1,2,0,2,77,,13.9,,7,45,O,1,0,10.3,9.4,3.8,3.6,,,23.2,20.8,,L,T
EMB,N,AP88415,,YLmW,14,1,12,10,2012,2,4,Y,none,,,,1,1,0,1,84,,15.1,,8,0,O,0,0,10.7,7.8,3.4,4,,,25.9,23.2,,L,T
EMB,N,AP88416,,OWmBxB,15,1,12,10,2012,2,4,Y,none,,,,2,2,0,2,77,,14.7,,8,45,O,0,0,11.1,7.4,3.5,3.4,,,24.4,22.1,,H,T
EMB,N,AP88417,,LOmW,16,1,12,10,2012,2,4,Y,none,,,,2,2,0,2,79,,15.7,,9,15,O,0,0,12,8.8,3.5,4.2,,,24.7,22.1,,H,T
EMB,N,AP88418,,PYmO,17,1,12,10,2012,2,4,Y,none,,,,1,1,0,2,79,,14.7,,9,30,O,1,0,10.2,7.1,3.4,3.7,,,24.4,22,,0,T
EMB,N,AP88419,,YOmYxB,18,1,12,10,2012,2,4,N,none,,,,2,2,0,1,75,,13.5,,9,45,O,0,0,11.3,8.1,3.4,3.7,,,23.4,21,,H,T
EMB,N,AP88420,,GWmL,19,1,13,10,2012,2,4,Y,none,,,,2,2,0,2,78,,14,,7,0,O,1,0,10.5,7.6,3.3,3.3,,,24.2,21.5,,H,T
EMB,N,AP88421,,LLmO,20,1,13,10,2012,2,4,Y,none,,,,1,1,0,1,81,,14.6,,7,15,O,0,0,10.8,7.6,3.5,3.7,,,22.9,20.8,,0,T
EMB,N,AP88422,,WWmO,21,1,13,10,2012,2,4,Y,none,,,,1,1,0,2,76,,15,,8,15,O,1,0,11.1,8,3.6,3.7,,,24.4,22.1,,L,T
EMB,N,AP88423,,PWmL,22,1,13,10,2012,2,4,Y,none,,,,2,1,0,2,80,,15.5,,8,15,O,1,0,10.7,7.9,3.5,3.7,,,24.9,22.3,,H,T
EMB,N,AP88424,,OOmPxB,23,1,13,10,2012,2,4,Y,none,,,,1,1,0,1,80,,15.8,,8,30,O,0,0,11.5,7.6,3.4,3.7,,,25.1,22.5,,L,T
EMB,N,AP88425,,GYmY,24,1,13,10,2012,2,4,Y,none,,,,1,2,0,2,80,,14.4,,9,45,O,0,0,10.2,7.6,3.3,3.6,,,24.5,22.1,,L,T
EMB,N,AP88426,,YYmW,25,1,13,10,2012,2,4,Y,none,,,,1,2,0,2,77,,15.8,,10,0,O,0,0,11.1,7.7,3.5,3.8,,,23.8,21.2,,L,T
EMB,N,AP88427,,YWmYxB,26,1,15,10,2012,2,4,Y,none,,,,1,1,0,2,82,,15.3,,7,30,O,0,0,11.9,8.7,3.4,4.2,,,24.4,21.9,,M,T
EMB,N,AP88428,,PPmG,27,1,15,10,2012,2,4,Y,none,,,,1,1,0,2,81,,15.3,,8,0,O,0,0,10.4,7.1,3.3,3.7,,,25.2,23.1,,L,T
EMB,N,AP88429,,WBmP,28,1,15,10,2012,2,4,N,none,,,,2,1,0,2,78,,14,,8,30,O,0,0,12,8.6,3.3,4,,,24.5,22.4,,H,T
EMB,N,AP88430,,LOmL,29,1,15,10,2012,2,4,N,none,,,,2,1,0,1,79,,15.6,,9,0,O,0,0,11.4,8.6,3.4,4,,,25.1,22.5,,H,T
EMB,N,AP88431,,GYmGxB,30,1,15,10,2012,2,4,Y,none,,,,1,2,0,2,76,,13.8,,9,0,O,0,0,10.8,8,3.2,3.6,,,24.5,21.7,,L,T
EMB,N,AP88432,,OOmB,31,1,16,10,2012,2,6,N,none,,,,2,1,0,2,80,,15.2,,7,15,O,0,0,11.6,8.3,3.7,4.2,,,23.9,21.6,,H,T
EMB,N,AP88433,,YYmP,32,1,16,10,2012,2,6,Y,none,,,,2,2,0,1,77,,13.6,,7,45,O,2,0,11.6,8.2,3.7,4.2,,,25.5,23,,H,T
EMB,N,AP88434,,LWmO,33,1,16,10,2012,2,6,Y,none,,,,2,1,0,1,78,,13.9,,8,0,O,0,0,11.3,8.6,3.9,4.2,,,24.7,22,,H,T
EMB,N,AP88435,,LPmO,34,1,16,10,2012,2,6,Y,none,,,,1,1,0,2,77,,15.4,,9,0,O,1,0,11,8,3.6,3.8,,,24.4,21.3,,L,T
EMB,N,AP88436,,YLmB,35,1,16,10,2012,2,6,Y,none,,,,1,1,0,1,81,,15.2,,9,0,O,1,0,11.2,8.1,3.4,3.9,,,25.6,23,,0,T
EMB,N,AP88437,,BPmY,36,1,16,10,2012,2,6,Y,none,,,,2,1,0,1,79,,14.5,,9,15,O,0,0,11.6,8,3.6,4,,,25.2,22.5,,H,T
EMB,N,AP88438,,OWmY,37,1,16,10,2012,2,6,Y,none,,,,1,2,0,2,79,,15.8,,9,45,O,0,0,11.1,8,3.7,3.9,,,25.2,22.4,,L,T
EMB,N,AP88439,,BLmL,38,1,17,10,2012,2,6,Y,none,,,,,,0,2,79,,14,,7,30,O,0,0,10.8,7.5,3.4,4,,,25.2,22.5,,H,T
EMB,N,AP88440,,POmW,39,1,17,10,2012,2,6,Y,none,,,,1,1,0,2,79,,14.6,,7,45,O,0,0,11.2,8.1,3.7,3.9,,,25.6,22.8,,0,T
EMB,N,AP88441,,WWmL,40,1,17,10,2012,2,6,Y,none,,,,2,2,0,1,74,,14,,8,15,O,0,0,10.5,8.4,3.8,4,,,24.8,22.1,,M,T
EMB,N,AP88442,,WLmG,41,1,20,10,2012,2,6,Y,none,,,,2,1,0,1,79,,14,,9,0,O,1,0,10.6,7.9,3.5,3.9,,,24.9,22.2,,H,T
EMB,N,AP88443,,OLmO,42,1,22,10,2012,2,4,Y,none,,,,2,1,0,1,81,,15.1,,8,30,O,2,1,11.8,9.1,3.8,4.5,,,25.3,22.5,,H,T
EMB,N,AP88444,,GWmB,43,1,22,10,2012,2,4,Y,none,,,,1,1,0,1,78,,15.6,,9,30,O,0,0,10.6,8.2,3.8,3.8,,,24.3,21.7,,L,T
EMB,N,AP88445,,WOmL,44,1,24,10,2012,2,2,N,none,,,,2,2,1,2,81,,15.4,,8,15,O,0,0,12.7,8.6,3.6,3.9,,,24.3,21.7,,H,N
EMB,N,AP88446,,LLmY,45,1,25,10,2012,2,2,Y,none,,,,2,2,0,2,75,,13.5,,7,30,O,1,0,,,,,,,24.2,21.7,,H,N
EMB,N,AP88449,,WYmG,46,1,29,10,2012,2,6,N,none,,,,1,1,0,2,80,,14.5,,8,15,O,1,0,,,,,,,,,,0,T
EMB,N,AP88461,,BWmP,47,1,7,11,2012,2,2,Y,none,,,,2,1,0,1,79,,14.8,,7,0,O,0,0,9.9,7.9,3.5,3.9,,,25.7,22.3,,H,T
EMB,R,AP88461,,BWOxmP,47,2,11,2,2014,3,2,,56,LONG,TIE,99.5,1,1,1,1,79.5,M,16.6,17.2,8,10,O,some BP,,,,,,AD,,,,BLACK,L,N
EMB,N,AP88462,,YOmYxA,48,1,7,11,2012,2,2,N,none,,,,2,1,0,1,78,,14.2,,7,15,O,0,0,12,8.8,3.6,4.5,,,25.5,23.1,,M,T
EMB,N,AP88463,,LOmB,49,1,7,11,2012,2,2,Y,none,,,,1,1,0,2,77,,15,,8,0,O,0,0,10.6,7.5,3.9,3.7,,,25.1,22.4,,M,T
EMB,N,AP88464,,YWmL,50,1,7,11,2012,2,2,Y,none,,,,2,1,0,1,81,,15.3,,8,30,O,0,0,10,8.1,3.7,3.8,,,25.7,22.9,,M,T
EMB,N,AP88465,,WGmW,51,1,7,11,2012,2,2,Y,none,,,,1,1,0,1,78,,14.1,,8,45,O,0,0,10.8,8,3.7,3.8,,,24.4,21.8,,L,T
EMB,N,AP88466,,BLmY,52,1,7,11,2012,2,2,Y,none,,,,2,1,0,1,79,,15.4,,9,0,O,0,0,11.2,8.1,3.5,4,,,25.7,22.8,,H,T
EMB,N,AP88467,,WWmP,53,1,8,11,2012,2,2,N,none,,,,1,1,0,2,80,,15.8,,6,45,O,0,0,10.9,8.2,3.8,4.6,,,25.1,22.6,,L,T
EMB,N,AP88468,,LYmB,54,1,8,11,2012,2,2,Y,none,,,,2,1,0,1,80,,15.1,,7,45,O,0,0,11.3,8.6,3.6,4.2,,,26.8,23.6,,M,T
EMB,N,AP88469,,PWmB,55,1,8,11,2012,2,2,Y,none,,,,2,1,0,1,78,,14.7,,8,0,O,0,0,10.2,7.3,3.7,3.9,,,25.5,22.9,,H,T
EMB,N,AP88470,,YBmG,56,1,8,11,2012,2,2,Y,none,,,,1,1,0,1,79,,15.2,,8,15,O,0,0,10.9,7.9,3.4,4.3,,,24.7,22,,L,T
EMB,N,AP88471,,WOmB,57,1,10,11,2012,2,4,Y,none,,,,1,1,0,1,81,,13.5,,7,30,O,1,0,10.3,7.3,3.5,3.8,,,24.2,21.7,,L,T
EMB,N,AP88472,,GBmY,58,1,10,11,2012,2,4,Y,none,,,,1,1,0,1,81,,15.5,,7,45,O,0,0,10.5,7.3,3.7,4.3,,,26.1,23.1,,M,T
EMB,N,AP88473,,OOmY,59,1,10,11,2012,2,4,Y,none,,,,2,2,0,2,80,,14.7,,7,45,O,0,0,11,8.3,3.7,4,,,25,21.7,,M,T
EMB,N,AP88474,,YYmB,60,1,10,11,2012,2,4,Y,none,,,,2,1,0,2,80,,15,,8,0,O,1,0,11.6,8.1,3.7,4.1,,,25.5,22.9,,M,T
EMB,N,AP88475,,mOBB,61,1,10,11,2012,2,4,N,none,,,,2,1,0,1,82,,14.8,,8,15,O,1,0,11.5,8,3.8,3.8,,,23.3,22.6,,H,T
EMB,N,AP88477,,OLmY,62,1,12,11,2012,2,6,Y,none,,,,2,2,0,2,78,,15.5,,7,0,O,1,0,11.3,8.3,3.9,4.6,,,25.5,22.9,,H,T
EMB,N,AP88478,,YBmW,63,1,12,11,2012,2,6,Y,none,,,,2,1,0,2,78,,14.8,,7,15,O,0,0,11,8.3,3.8,3.9,,,25.1,22.3,,M,T
EMB,N,AP88479,,YWmG,64,1,12,11,2012,2,6,Y,none,,,,,,0,2,81,,15.1,,7,15,O,0,0,11.8,8.2,3.8,3.8,,,25.2,22.4,,L,T
EMB,N,AP88480,,BBmY,65,1,12,11,2012,2,6,N,none,,,,2,2,0,1,79,,13.9,,8,0,O,0,0,10.7,7.9,3.9,3.9,,,24.4,22.1,,H,T
EMB,N,AP88481,,BYmB,66,1,13,11,2012,2,6,Y,none,,,,1,1,0,2,80,,14.3,,7,30,O,1,0,9.7,7.5,3.5,4,,,,22.4,,L,T
EMB,N,AP88482,,WYmO,67,1,16,11,2012,2,6,Y,none,,,,1,2,0,1,78,,13.9,,8,0,O,0,0,10.8,7.8,3.8,4.1,,,24.5,22.8,,L,T
EMB,N,AP88483,,OBmP,68,1,17,11,2012,2,6,Y,none,,,,2,2,0,1,75,,14.4,,8,15,O,0,0,22.7,8.6,3.9,4.5,,,25.7,22.7,,H,T
EMB,N,,,RWxRY,68,2,12,2,2014,3,2,,,,,,1,2,0,2,76,F,15,,10,50,O,,,,,,,,,,,black,L,T
EMB,N,AP88484,,YWmP,69,1,13,2,2013,2,2,Y,none,,,,2,2,0,1,75.5,,15.1,,7,45,O,0,0,,,,,,,,,,,N
EMB,N,AP88485,,POmB,70,1,13,2,2013,2,2,Y,none,,,,2,2,0,1,75,,15.3,,7,45,O,0,0,,,,,,,,,,,N
EMB,N,AP88486,,WYmY,71,2,14,2,2013,2,2,Y,none,,,,2,2,0,1,75,,13.6,,7,0,O,2,1,,,,,,,,,,H,N
ALICE,R,,,WYxmY,71,1,30,3,2014,3,2,,,,,,1,2,0,2,76,,14.5,,7,0,,,,,,,,,,24.6,22.4,,,
EMB,N,AP88487,,WPmO,72,1,14,2,2013,2,2,Y,none,,,,2,2,0,2,75,,15.3,,7,15,O,2,2,,,,,,,,,,H,N
EMB,N,AP88488,,OLmW,73,1,14,2,2013,2,2,Y,none,,,,2,2,0,1,76,,13.3,,7,45,O,0,0,,,,,,,,,,H,N
EMB,N,AP88489,,BYmY,74,1,15,2,2013,2,2,Y,none,,,,2,2,0,2,74,,14.7,,7,15,O,0,2,,,,,,,24.9,22,,M,N
EMB,N,AP88492,,BOmW,75,1,20,2,2013,2,5,N,none,,,,1,1,0,1,76,,13.6,,7,0,O,0,0,,,,,,,25.2,22.5,,L,N
EMB,N,AP88495,,YWmYxH,76,1,22,2,2013,2,5,Y,none,,,,1,2,0,2,73,,15.4,,7,30,O,2,1,,,,,,,24.6,22,,L,N
EMB,N,AP88496,,BOmB.H,77,1,22,2,2013,2,5,Y,none,,,,2,2,0,1,75,,15.2,,8,30,O,2,2,,,,,,,23.8,21.4,,H,N
EMB,N,AP88497,,LWmL,78,1,25,2,2013,2,5,Y,none,,,,2,2,0,1,77,,13.8,,8,0,O,2,1,,,,,,,25,22.7,,H,N
EMB,N,AP88498,,BGmB,79,1,25,2,2013,2,5,Y,none,,,,2,2,0,1,74,,13.8,,8,0,O,1,2,,,,,,,24.4,21.8,,M,N
EMB,N,AP88499,,WWmY,80,1,1,3,2013,2,5,Y,none,,,,2,2,0,1,75.5,,15.6,,6,30,O,2,2,,,,,,,24.6,22.1,,H,N
EMB,N,AP87501,,BWmB,81,1,1,3,2013,2,5,N,none,,,,,2,0,2,76,,14.9,,8,30,O,2,1,,,,,,,24.4,21.7,,M,N
EMB,N,XXXXXX1,,OYmO,82,1,4,3,2013,2,5,Y,none,,,,2,1,0,1,76,,14.6,,7,30,O,3,2,,,,,,,24.6,22.1,,H,N
EMB,N,AP87502,,YWmYxJ,83,1,5,3,2013,2,1,Y,none,,,,2,2,0,2,76,,15.6,,7,0,O,2,1,,,,,,,24.3,21.8,,H,N
EMB,N,AP87503,,GYmGxJ,84,1,7,3,2013,2,1,Y,none,,,,,2,0,2,75.5,,15.3,,7,0,O,3,3,,,,,,,23.9,21.4,,L,N
EMB,N,AP87504,,OWmBxJ,85,2,8,3,2013,2,1,Y,none,,,,,2,0,1,76,,14.6,,6,30,O,2,2,,,,,,,23.4,20.8,,H,N
EMB,R,AP87504,,OWxmBR,85,1,17,2,2014,3,1,Y,3,NONE,TIE,98,1,2,0,1,78,(F),14,14.5,8,0,O,2,,,,,,AD,,,,GREY,L,T
EMB,N,none,,YBxPN.1,86,1,12,2,2013,2,2,Y,54,,,,2,1,0,2,79,,14.3,14.8,6,45,O,0,0,,,,,,,,,,H,N
EMB,N,none,,WBxPN,87,1,12,2,2013,2,2,Y,51,,,,2,2,0,2,77,,14.4,15.1,7,0,O,2,0,,,,,,,,,,H,N
EMB,R,LOG 051,,RWxRB,87,2,12,2,2014,3,2,,68,LONG,TIE,87,1,2,0,2,76,F,15,15.6,10,50,O,,,,,,,AD,,,,BLACK,L,T
EMB,N,none,,WOxPN,88,2,13,2,2013,2,2,Y,50,,,36,2,2,0,1,79,,14.8,15.2,7,0,O,1,0,,,,,,,,,,M,N
EMB,N,AP87529,,WOxRm,88,1,8,11,2013,3,2,,,,,,1,2,0,1,79.5,F,15.5,16.5,7,10,O,,,,,,,,,26,23.3,grey,L,T
EMB,N,none,,BOxPN,89,2,14,2,2013,2,2,Y,44,,,,2,2,0,2,76.5,,14.6,15.2,7,0,O,0,0,,,,,,,,,,M,N
EMB,N,AP87522,,BOxRm,89,1,1,11,2013,3,2,,,,,,1,2,0,1,78,F,14.9,15.7,7,40,O,,,,,,,,,25.2,22.4,pale,L,T
EMB,N,none,,WYxPN2,90,1,14,2,2013,2,2,Y,43,,,,2,2,0,2,77.5,,14.8,15.6,7,45,O,0,0,,,,,,,,,,H,N
EMB,N,none,,OLxPN,91,1,15,2,2013,2,2,Y,48,,,,1,2,1,2,78,,15.3,15.8,7,0,O,1,1,,,,,,,23.9,21,,L,N
EMB,N,none,,WYxPN1,92,1,15,2,2013,2,2,Y,46,,,,2,1,0,1,79,,15.7,,7,30,O,1,0,,,,,,,24.9,22.4,,M,N
EMB,N,none,,OBxPN,93,1,15,2,2013,2,2,Y,53,,,,2,1,0,1,78,,16.1,,7,30,O,0,0,,,,,,,25.1,22.8,,H,N
EMB,N,AP87526,,OBxRm,93,2,5,11,2013,3,2,,,,,,1,1,0,1,80,(M),15.9,16.6,6,30,O,,,,,,,,,24.9,22.4,yellow,M,N
EMB,N,none,,BWxNP,94,1,16,2,2013,2,2,Y,36,,,34,2,1,0,2,78,,16.2,16.7,6,45,O,3,2,,,,,,,24.8,22.3,,M,N
EMB,N,none,,OWxPN,95,1,16,2,2013,2,2,Y,32,,,34,2,,0,2,77,,15.2,15.7,7,0,O,2,2,,,,,,,24.3,22.4,,M,N
EMB,N,none,,YOxPN,96,1,16,2,2013,2,2,Y,38,,,34.5,2,,0,2,78,,15.9,16.1,7,0,O,2,1,,,,,,,25,,,H,N
EMB,N,none,,WLxPN,97,2,19,2,2013,2,5,Y,24,,,34,2,1,0,2,77,,15.3,15.9,7,0,O,2,3,,,,,,,24.6,21.8,,H,N
EMB,N,AP87528,,WLxRm,97,1,7,11,2013,3,5,,,,,,1,1,0,1,79,F,14.9,15.6,7,0,O,,,,,,,,,24.4,22,pale,L,T
EMB,N,none,,BYxPN,98,1,19,2,2013,2,5,Y,35,,,33.5,2,,0,2,77.5,,15.1,15.7,7,0,O,3,2,,,,,,,24,21.4,,M,N
EMB,N,none,,OYxPN,99,1,19,2,2013,2,5,Y,26,,,36,1,2,0,2,77,,16.2,16.8,7,30,O,2,1,,,,,,,24.3,21.8,,L,N
EMB,N,none,,BLxPN,100,1,20,2,2013,2,5,Y,39,,,35,1,1,0,2,78,,14.8,15.3,6,45,O,0,0,,,,,,,24.9,21.9,,L,N
EMB,N,none,,YWxPN,101,1,21,2,2013,2,5,Y,34,,,35,1,2,0,2,78.5,,13.9,14.7,6,45,O,0,0,,,,,,,25.2,22.3,,L,N
EMB,N,none,,LBxPN,102,1,21,2,2013,2,5,Y,47,,,36,1,1,0,1,80.5,,15.3,15.9,6,45,O,2,1,,,,,,,,,,L,N
EMB,N,none,,LOxPN,103,1,21,2,2013,2,5,Y,52,,,35,1,2,0,1,80,,16,16,7,45,O,0,0,,,,,,,25.9,23,,L,N
EMB,N,none,,WNxPN,104,1,21,2,2013,2,5,N,28,,,35,2,1,0,2,79.5,,16.3,16.9,9,0,O,3,2,,,,,,,25.2,23.1,,H,N
EMB,N,none,,LYxPN,105,1,22,2,2013,2,5,Y,23,,,35,2,1,0,2,79,,15.8,16.4,6,45,O,3,1,,,,,,,25.3,22.9,,M,N
EMB,N,AP87115,,LYxRm,105,2,29,11,2013,3,5,,,,,,1,1,0,1,80,(M),16.6,16.6,8,20,O,,,,,,,,,25.5,23.1,yellow/black,L,T
EMB,N,none,,YNxPN,106,1,22,2,2013,2,5,Y,33,,,37,1,1,0,1,76.5,,16.9,,7,45,O,2,2,,,,,,,24.5,22.1,,L,N
EMB,N,none,,BxOPN1,107,1,22,2,2013,2,5,Y,41,,,34.5,2,1,0,1,78.5,,14.9,15.4,8,30,O,2,1,,,,,,,24.1,21.8,,L,N
EMB,N,AP87523,,RBxOm,107,2,2,11,2013,3,5,,,,,,1,1,0,1,79.5,M,14.5,15.2,7,40,O,,,,,,,,,24,21.4,grey,L,N
EMB,N,none,,OxWPN,108,1,22,2,2013,2,5,Y,21,,,36,1,1,0,1,80,,16.1,16.7,8,30,O,1,0,,,,,,,25.2,22.8,,L,N
EMB,N,none,,BxOPN2,109,1,25,2,2013,2,5,N,37,,,34,,2,0,2,77,,14,14.7,7,0,O,2,0,,,,,,,24,21.3,,M,N
EMB,N,none,,LxYPN,110,1,25,2,2013,2,5,Y,31,,,35,2,1,0,1,78.5,,14.8,15.3,7,0,O,3,2,,,,,,,23.5,20.9,,H,N
EMB,N,none,,WxBPN,111,1,25,2,2013,2,5,Y,25,,,36,2,1,0,1,79,,15.4,16,8,30,O,2,2,,,,,,,23.7,21,,H,N
EMB,N,none,,LxPNY,112,1,25,2,2013,2,5,Y,16,,,35,2,1,0,1,78,,15.8,16.8,9,0,O,3,2,,,,,,,25.6,23,,H,N
EMB,N,none,,BxYPN,113,1,2,3,2013,2,5,N,45,,,35,,1,0,1,78,,16.4,16.9,7,15,O,2,2,,,,,,,25.4,22.8,,M,N
EMB,N,none,,WxOPN,114,1,2,3,2013,2,5,Y,27,,,36,2,1,0,1,79,,15.6,16,7,15,O,3,2,,,,,,,25,22.7,,,N
EMB,N,none,,LWxPN,115,1,2,3,2013,2,5,Y,19,,,36,1,1,0,1,80,,16.5,16.9,7,30,O,3,2,,,,,,,24.6,21,,L,N
EMB,N,none,,WxYPN,116,1,2,3,2013,2,5,Y,22,,,34,1,1,0,1,79,,14.1,14.4,7,30,O,3,2,,,,,,,24.4,22.1,,L,N
EMB,N,none,,YxLPN,117,1,2,3,2013,2,5,N,18,,,35,,2,0,2,80,,16.1,16.5,8,30,O,3,3,,,,,,,24.8,22.6,,M,N
EMB,N,none,,OxBPN,118,2,2,3,2013,2,5,Y,40,,,33,,2,0,1,79,,16.1,16.4,9,0,O,3,3,,,,,,,24.2,22,,M,N
EMB,N,AP87527,,OmxRB,118,1,6,11,2013,3,5,,,,,,1,2,0,1,80,F,15.6,16.4,7,0,O,,,,,,,,,24.5,21.9,pale,H,T
EMB,N,none,,YxWPN,119,1,4,3,2013,2,5,N,15,,,34,2,1,0,1,78,,15.4,16.2,7,0,O,3,2,,,,,,,25.5,23.1,,H,N
EMB,N,none,,BxBPN,120,1,4,3,2013,2,5,Y,7,,,34,1,1,0,2,78,,14.9,15.5,7,30,O,3,2,,,,,,,22.8,20.6,,M,N
ALICE,R,,,BxBPN,120,2,21,3,2014,3,5,,,,,,1,1,1,2,78,,16.3,,17,0,,,,,,,,,,,,,,
EMB,N,none,,WxWPN,121,1,5,3,2013,2,1,Y,14,,,35.5,2,1,0,1,81,,16.9,17.3,6,45,O,3,2,,,,,,,25.5,23.4,,H,N
EMB,N,AP87513,,WmxRW,121,2,30,10,2013,3,1,,,,,,1,1,0,1,81,M,15,15.7,7,40,O,,,,,,,,,25.8,23.6,black,L,N
EMB,N,none,,ONxPN.J1,122,1,5,3,2013,2,1,Y,20,,,37,2,1,0,2,80,,16.3,16.9,7,0,O,1,0,,,,,,,24.7,21.8,,M,N
EMB,N,none,,OxYPN,123,1,5,3,2013,2,1,Y,13,,,34.5,2,1,0,2,77,,15.3,15.9,7,15,O,3,3,,,,,,,24.7,22.2,,H,N
EMB,N,AP87518,,OmxRY,123,2,31,10,2013,3,1,,,,,,1,1,0,1,79.5,M,13.8,14.5,,,O,,,,,,,,,24.5,21.7,black,L-M,
EMB,N,none,,WxLNY,124,1,6,3,2013,2,1,Y,1,,,34,2,1,0,1,77,,14.9,15.6,6,45,O,1,0,,,,,,,24.5,21.8,,H,N
EMB,N,none,,BxWNY,125,1,6,3,2013,2,1,Y,2,,,37,1,1,0,1,80,,16.5,17,6,45,O,2,2,,,,,,,25.8,23.3,,M,N
EMB,N,AP87505,,RBxNYm,125,2,29,10,2013,3,1,,,,,,1,1,0,2,81,M,16.4,17.1,6,15,O,,,,,,,,,26.4,23.9,pale,L,N
ALICE,R,,,RBxNYm,125,2,22,3,2014,3,1,,,,,,1,1,2,2,80,,18,,7,0,,,,,,,,,,25.9,23.8,,,
EMB,N,none,,OxYBO,126,1,6,3,2013,2,1,Y,4,,,33,1,2,0,1,77,,15.3,15.9,7,0,O,,,,,,,,,24.1,22.5,,L,N
EMB,N,none,,YxBOB,127,1,6,3,2013,2,1,Y,6,,,35,1,1,0,1,78,,16.9,17.5,7,45,O,2,2,,,,,,,25.3,21.7,,M,N
EMB,N,AP87516,,YmxRB,127,2,31,10,2013,3,1,,,,,,1,1,0,1,79,M,16.1,16.7,8,45,O,,,,,,,,,24.8,21.8,black,L,T
EMB,N,none,,LxLNY,128,1,6,3,2013,2,1,Y,3,,,35.5,2,1,0,1,80.5,,15.9,16.4,8,0,O,3,2,,,,,,,24.7,22.4,,M,N
EMB,N,none,,OxNCN,129,1,7,3,2013,2,1,Y,42,,,35,1,1,0,2,79,,16,16.4,6,30,O,,,,,,,,,23.3,20.1,,L,N
EMB,N,AP87512,,OmxRN,129,2,30,10,2013,3,1,,,,,,1,1,0,1,80,M,15,15.7,7,30,O,,,,,,,,,23.5,21.2,black,L,T
EMB,R,AP87512,,OmxBRN,129,2,7,2,2014,3,1,Y,135,SHORT,ELASTIC,34,1,1,0,1,80,M,14.8,15.2,7,0,O,0,,,,,,,,,,BLACK,L,N
EMB,N,none,,LxWNC,130,1,7,3,2013,2,1,Y,11,,,35,2,2,0,2,79,,15.3,15.7,6,45,O,2,1,,,,,,,25,22.9,,H,N
EMB,N,none,,BxLCN,131,2,7,3,2013,2,1,Y,10,,,34.5,,2,0,2,77,,15.5,15.9,7,0,O,3,2,,,,,,,,,,H,N
EMB,N,AP87509,,BmxRL,131,3,29,10,2013,3,1,,,,,,1,2,0,1,76,F,15.3,16,7,50,O,,,,,,,,,24.9,22.1,pale,L,T
ALICE,R,,,BmxRL,131,1,22,3,2014,3,1,,,,,,1,2,2,2,76,,16.4,,9,30,,,,,,,,,,24.5,22.3,,,
EMB,N,none,,OxONC,132,1,7,3,2013,2,1,Y,12,,,34,2,2,0,1,77,,15.3,15.7,7,15,O,3,2,,,,,,,25.6,23.6,,L,N
EMB,N,none,,YxNCN,133,1,7,3,2013,2,1,Y,9,,,33,2,1,0,1,77,,16,16.4,7,30,O,1,0,,,,,,,24.9,22,,H,N
EMB,N,none,,OxLNC,134,1,8,3,2013,2,1,Y,17,,,35,2,1,0,2,81,,17.2,17.9,6,30,O,3,3,,,,,,,25,22.7,,M,N
EMB,N,AP88096,,RYRm2,135,1,26,1,2012,1,6,Y,none,,,,2,2,0,2,79,46,14.4,,9,0,O,0,0,12.4,9.1,3.7,4.5,,,25,22.2,,,T
EMB,N,AP88097,,BWBm,136,1,27,1,2012,1,2,Y,none,,,,1,,0,1,79,49,15.7,,8,0,O,0,0,11.1,8.8,3.6,4,,,26.2,23.4,,,T
EMB,N,AP88101,,RYRm1,137,1,27,1,2012,1,2,Y,none,,,,2,2,0,2,77,44,15.8,,8,30,O,0,0,11.7,8.3,3.7,4,,,24.7,21.9,,,T
EMB,N,AP88102,,OWYm,138,1,27,1,2012,1,2,Y,none,,,,1,2,0,2,75,45,15.1,,9,0,O,0,0,12.3,8.1,4.1,4,,,24.7,21.8,,,T
EMB,N,AP88103,,ROBm,139,1,27,1,2012,1,2,Y,none,,,,2,1,0,2,77,45,14.7,,9,45,O,0,0,11.2,8.3,3.7,3.8,,,25.4,22.6,,,T
EMB,N,AP88104,,BOOm,140,1,28,1,2012,1,2,Y,none,,,,1,1,0,2,77,45,13.5,,8,45,O,0,0,11.8,8.4,3.8,4.2,,,24.9,22.1,,,T
EMB,N,AP88105,,WBRm,141,1,28,1,2012,1,2,Y,none,,,,1,1,2,2,77,44,17.2,,9,0,O,0,0,12.3,8.5,3.7,4,,,25.4,22.7,,,T
EMB,N,AP88106,,BRYm,142,1,28,1,2012,1,2,Y,none,,,,1,2,0,2,77,44,14.4,,9,15,O,0,0,12.4,9.1,3.9,4.1,,,24.9,22.5,,,T
EMB,N,AP88107,,WOWm,143,1,28,1,2012,1,2,Y,none,,,,2,,3,2,79,46,16.5,,9,30,O,0,0,12.3,8.9,3.7,4.3,,,25.1,22.2,,,T
EMB,N,AP88108,,OBOm,144,1,28,1,2012,1,2,Y,none,,,,1,1,0,2,79,47,15,,10,0,O,0,0,12.8,9.6,3.8,3.9,,,24.7,21.9,,,T
EMB,N,AP88109,,BRRm,145,1,28,1,2012,1,2,Y,none,,,,1,1,0,2,80,48,15.5,,10,15,O,0,0,11.7,8.2,3.6,4.1,,,25,22.4,,,T
EMB,N,AP88110,,ORRm,146,1,30,1,2012,1,2,Y,none,,,,1,1,0,2,81,49,14.6,,8,30,O,0,0,11.2,8.1,3.7,4,,,25.3,22.8,,,T
EMB,N,AP88111,,YYBm,147,1,30,1,2012,1,2,Y,none,,,,1,1,0,2,80,48,15,,8,45,O,0,0,11.5,8.8,3.8,4.2,,,25.7,22.6,,,T
EMB,N,AP88112,,YWWm,148,1,30,1,2012,1,2,Y,none,,,,2,1,0,2,76,44,15.9,,9,15,O,0,0,13.1,9.3,3.8,4.2,,,24.9,22.4,,,T
EMB,N,AP88113,,WRBm,149,1,30,1,2012,1,2,Y,none,,,,2,2,0,2,78,45,15.4,,10,15,O,0,0,12.5,8.6,3.7,3.7,,,24.5,21.3,,,T
EMB,N,AP88114,,RWBm,150,1,31,1,2012,1,2,Y,none,,,,1,2,3,2,78,47,15.1,,7,30,O,0,0,11.5,8,3.7,4,,,24.9,22.1,,,T
EMB,N,AP88115,,OYBm,151,1,31,1,2012,1,2,Y,none,,,,2,2,0,2,77,47,13.5,,9,0,O,0,0,12.5,8.8,3.6,4,,,24.1,21.6,,,T
EMB,N,AP88116,,RBYm,152,1,31,1,2012,1,2,Y,none,,,,1,1,0,1,77,46,14.8,,9,30,O,0,0,11.7,8.8,3.8,4,,,24.1,21.8,,,T
EMB,N,AP88127,,BBYm,153,1,4,2,2012,1,2,Y,none,,,,1,1,0,2,76,46,14.1,,7,30,O,0,0,12.3,9.4,3.7,4.4,,,24.2,21.7,,,T
EMB,N,AP88128,,BBRm,154,1,4,2,2012,1,2,Y,none,,,,1,1,0,2,77,46,14.4,,8,15,O,0,0,11.8,9,3.7,4,,,24.7,21.8,,,T
EMB,N,AP88129,,WWBm,155,1,4,2,2012,1,2,Y,none,,,,2,2,0,2,73,44,15.1,,9,45,O,0,0,12.5,8.7,3.8,4.2,,,24.7,21.9,,,T
EMB,N,AP88130,,OWOm,156,1,4,2,2012,1,2,Y,none,,,,1,1,0,3,80,48,14.6,,10,0,O,0,0,11.4,7.8,3.5,4.1,,,24.8,22.1,,,T
EMB,N,AP88131,,WYWm,157,1,5,2,2012,1,2,N,none,,,,1,1,0,2,80,46,14.7,,8,15,O,0,0,12.2,8.5,3.9,4.1,,,24.7,21.9,,,T
EMB,N,AP88132,,OBRm,158,1,5,2,2012,1,2,Y,none,,,,1,1,0,2,80,45,14.6,,8,30,O,0,0,11.9,8.4,3.7,3.9,,,24.5,21.8,,,T
EMB,N,AP88133,,BBOm,159,1,5,2,2012,1,2,N,none,,,,2,2,0,2,77,46,13.8,,9,0,O,0,0,11.5,8.4,3.7,4.2,,,24.5,21.8,,,T
EMB,N,AP88134,,RWRm,160,1,5,2,2012,1,2,Y,none,,,,1,1,0,2,78,47,15.6,,9,30,O,0,0,11.9,8.3,3.9,3.9,,,24.7,22.1,,,T
EMB,N,AP88135,,ORBm,161,1,7,2,2012,1,2,Y,none,,,,2,2,0,2,77,45,15.1,,7,45,O,0,0,12.5,8.8,3.9,4.1,,,25.7,23,,,T
EMB,N,AP88136,,WBBm,162,2,7,2,2012,1,2,Y,none,,,,1,2,0,1,78,46,14.4,,7,45,O,0,0,11.9,8.8,3.7,3.7,,,25.5,22.4,,,T
EMB,R,AP88136,,WLWxBm,162,2,22,2,2014,3,2,Y,65,LONG,TIE,101,1,2,,,,F,14.5,15.4,7,25,O,0,,,,,,AD,,24.8,22.3,PALE GREY,L,N
ALICE,R,,,WLWxBm,162,1,30,3,2014,3,2,,,,,,1,2,0,2,79,,15.5,16.1,7,0,,,,,,,,,,24.4,22.3,,,
EMB,N,AP88137,,RYBm,163,1,7,2,2012,1,2,Y,none,,,,1,1,1,2,82,46,16,,9,30,O,2,0,11.9,8.4,3.8,4,,,25.2,22.4,,,T
EMB,N,AP63283,,RBRm,164,1,7,2,2012,1,2,Y,none,,,,1,2,0,2,77,46,14.7,,10,0,O,0,0,11.8,8.4,3.5,4,,,24.6,21.9,,,T
EMB,N,AP88138,,ROOm,165,1,7,2,2012,1,2,Y,none,,,,1,1,0,3,79,49,15.2,,10,15,O,0,0,10.6,7.9,3.6,3.9,,,24,21,,,T
EMB,N,AP88139,,BWOm,166,1,8,2,2012,1,6,Y,none,,,,2,2,0,2,75,45,12.9,,7,45,O,0,0,11.6,9,3.7,3.9,,,24.2,21.4,,,T
EMB,N,AP88140,,BBWm,167,1,8,2,2012,1,6,Y,none,,,,1,2,0,2,77,48,14.4,,8,30,O,0,0,12,8.8,3.8,4.2,,,24.6,22.2,,,T
EMB,N,AP88141,,BOWm,168,1,9,2,2012,1,6,Y,none,,,,2,2,0,2,76,46,14,,8,30,O,0,0,11.8,8.5,3.7,4.5,,,24.6,22,,,T
EMB,N,AP88142,,RBOm,169,1,9,2,2012,1,6,Y,none,,,,1,2,0,1,77,47,12.9,,10,0,O,0,0,12.2,9,3.6,3.9,,,24,21.3,,,T
EMB,N,AP88143,,BOBm,170,1,10,2,2012,1,4,Y,none,,,,1,1,0,2,80,48,15,,8,45,O,2,1,12,7.9,3.7,4,,,25,22.4,,,T
EMB,N,AP88144,,RYWm,171,1,10,2,2012,1,4,N,none,,,,2,1,0,2,78,46,15.7,,10,0,O,0,0,12.5,8.4,3.9,3.7,,,25.7,23,,,T
EMB,N,AP88145,,OROm,172,1,10,2,2012,1,4,Y,none,,,,1,2,0,2,74,46,14.1,,10,30,O,0,0,11.7,8.3,3.6,3.9,,,23.2,20.2,,,T
EMB,N,AP88146,,BWYm,173,1,11,2,2012,1,4,Y,none,,,,2,2,0,2,74,43,13.1,,8,0,O,0,0,12,8.7,3.7,4.2,,,25.2,22.4,,,T
EMB,N,AP88147,,WBWm,174,1,11,2,2012,1,4,Y,none,,,,2,2,1,2,77,45,14.1,,9,0,O,0,0,11.7,8.1,3.4,4,,,24.6,22.3,,,T
EMB,N,AP87506,,BYYm,178,1,29,10,2013,3,1,Y,none,,,,2,,0,1,82,(M),15.7,,6,50,O,0,,,,,,,80GC?,25.6,22.9,pale,M,N
EMB,N,AP87507,,BOmB.J,179,1,29,10,2013,3,1,N,none,,,,,1,0,2,78.5,M,14.7,,7,0,O,0,,,,,,,,23.9,21.2,pale,L,N
EMB,N,AP87508,,BmWO,180,1,29,10,2013,3,1,N,none,,,,,,0,1,78,?,14.6,,7,5,O,0,,,,,,,,24.1,21.8,yellow,M,N
EMB,N,AP87510,,OmYB,181,1,30,10,2013,3,1,N,none,,,,2,1,0,2,74,(M),15.7,,6,10,O,0,,,,,,,8OGC,25.7,23,pale,M,N
EMB,N,AP87511,,YmPL,182,1,30,10,2013,3,1,N,none,,,,2,1,0,2,79,(M),15.2,,6,15,O,0,,,,,,J,9OGC,24.7,22.2,yellow,M,N
EMB,N,AP87514,,BmWY.J,183,1,30,10,2013,3,1,Y,none,,,,2,1,0,1,79.5,M,16.1,,7,50,O,0,,,,,,J,9OGC,25,22.4,yellow,M,N
EMB,N,AP87515,,NmOL,184,1,30,10,2013,3,1,N,none,,,,2,2,0,1,78,F,14.9,,8,0,O,1,,,,,,J,9OGC,25.3,23.1,yellow,H,N
EMB,N,AP87517,,LmBW,185,1,31,10,2013,3,1,N,none,,,,2,,0,1,82,(M),14.7,,6,0,O,0,,,,,,J,,25.8,23,yellow,H,N
EMB,N,AP87519,,OmOB,186,1,31,10,2013,3,1,Y,none,,,,1,1,0,2,80,M,15.4,,7,30,O,0,,,,,,,,24.4,22.4,black,L,T
EMB,N,AP87520,,OmYY,187,1,31,10,2013,3,1,Y,none,,,,1,1,0,2,81,M,14.6,,7,40,O,0,,,,,,,9OGC,25.2,22.6,yellow black,L,T
EMB,N,AP87521,,WmOW,188,1,31,10,2013,3,1,Y,none,,,,2,1,0,1,80.5,M,15.4,,7,45,O,0,,,,,,,,25.6,23.2,yellow,L,T
EMB,N,AP87525,,YmWO,190,1,4,11,2013,3,2,Y,none,,,,,1,0,1,80,(M),14.9,,6,50,O,0,,,,,,,,25,22.5,pale,M,T
EMB,N,AP87530,,GmWO,191,1,13,11,2013,3,2,Y,none,,,,1,1,0,1,78.5,M,15.4,,7,20,O,0,,,,,,A,,23.7,21.2,pale,M,T
EMB,R,AP87530,,GmxWNP,191,2,12,2,2014,3,2,,141,SHORT,ELASTIC,36,1,1,0,1,79.5,M,15.3,15.9,8,20,O,,,,,,,AD,,,,GREY,M,N
EMB,N,AP87531,,YBLm,192,1,13,11,2013,3,2,Y,none,,,,2,,0,1,79,(M),13.8,,7,30,O,0,,,,,,J,8OGC,24.4,22.1,pale,H,T
EMB,N,AP87532,,WmBW.A,193,1,13,11,2013,3,2,N,none,,,,1,1,0,2,80,M,15.4,,7,40,O,0,,,,,,A,,24.8,22.3,yellow,L,T
EMB,N,AP87533,,WBWm.G,194,1,13,11,2013,3,,?,none,,,,2,2,0,1,79,F,14.1,,14,0,O,0,,,,,,J,8OGC,24.8,22,very pale,H,T
EMB,N,AP87534,,YmOW,195,1,14,11,2013,3,4,Y,none,,,,2,2,0,2,78,F,14.1,,6,50,O,0,,,,,,J,8OGC,23.5,21,pale,L,T
EMB,N,AP87535,,BmOO,196,1,14,11,2013,3,4,Y,none,,,,,,0,1,77,(M),15.7,,7,0,O,0,,,,,,,,24.6,22,grey,M,T
EMB,N,AP87536,,OmBB,197,1,14,11,2013,3,4,Y,none,,,,1,1,0,2,82,(F)?,15.2,,7,15,O,0,,,,,,A,,24.1,21.6,grey,L,T
EMB,R,AP87536,,OWmxBB,197,2,18,2,2014,3,4,,74,LONG,TIE,96.5,1,1,0,1,83.5,(F),14.7,15.3,6,55,O,2,,,,,,,,,,PALE/YELLOW,M,N
EMB,N,AP87537,,WmBW.B,198,1,14,11,2013,3,4,Y,none,,,,1,1,0,2,79,(M),14.3,,7,30,O,0,,,,,,A,,24.9,22.3,very pale,L,T
EMB,N,AP87538,,LmOW,199,1,14,11,2013,3,4,N,none,,,,2,,0,1,81,(M),14.4,,7,30,O,0,,,,,,J,8OGC,25.3,22.9,pale,H,T
EMB,N,AP87539,,PmPW,200,1,14,11,2013,3,4,N,none,,,,2,2,0,2,75,F,15.5,,7,50,O,0,,,,,,J,JUV,25,22.4,pale,M,T
EMB,N,AP87540,,GmOB,201,1,14,11,2013,3,4,Y,none,,,,1,2,0,2,76.5,F,15.6,,8,0,O,0,,,,,,A,,25.2,22.3,pale,L,T
EMB,N,AP87541,,BmWG,202,1,14,11,2013,3,4,N,none,,,,2,,0,1,80.5,(F),15.2,,8,10,O,1,,,,,,J,9OGC,24.5,22.2,pink,M,T
EMB,N,AP87542,,PmOP,203,1,14,11,2013,3,1,Y,none,,,,2,2,0,2,,F,14.8,,17,15,O,0,,,,,,,9OGC,24.7,21.7,pale yellow,L,T
EMB,N,AP87543,,GmYB,204,1,15,11,2013,3,1,Y,none,,,,1,1,0,2,80.5,M,15.6,,6,45,O,0,,,,,,A,,25.6,22.9,black,L,T
EMB,N,AP87544,,YmPO,205,1,15,11,2013,3,1,Y,none,,,,2,1,0,1,78,M,14.4,,6,55,O,0,,,,,,J,8OGC,24.5,21.8,yellow,M,T
EMB,N,AP87545,,BmYP,206,1,15,11,2013,3,1,N,none,,,,1,1,0,2,77,M,15.1,,7,5,O,0,,,,,,A,,24.3,21.8,grey,L,T
EMB,N,AP87546,,WmBY,207,1,15,11,2013,3,1,N,none,,,,,1,0,1,79,M,16.3,,7,45,O,0,,,,,,A,,24.9,22.2,grey,L,T
EMB,N,AP87547,,OmOW,208,1,15,11,2013,3,1,Y,none,,,,2,,0,2,77.5,(M),15.4,,8,0,O,0,,,,,,J,8OGC,24.9,22.4,pink,M,T
EMB,N,AP87548,,BmYY,209,1,15,11,2013,3,1,Y,none,,,,1,2,0,2,78,F,16.1,,8,5,O,0,,,,,,A,,24.8,22,black,L,T
EMB,N,AP87549,,LmOL,210,1,15,11,2013,3,1,N,none,,,,2,1,0,2,79,M,16.2,,17,20,O,0,,,,,,A,,24.1,21.8,pale,M,T
EMB,N,AP87550,,YmLO,211,1,16,11,2013,3,1,Y,none,,,,1,1,0,2,82,(F),15.6,,7,10,O,1,,,,,,J,10OGC,24,21.9,black,L,T
EMB,R,AP87550,,YmxOWL,211,2,6,2,2014,3,1,,133,SHORT,ELASTIC,36.5,1,1,0,2,82,M,15.9,16.5,6,45,O,0,,,,,,,,,,BLACK,L,N
EMB,N,AP87551,,OmLB,212,1,16,11,2013,3,1,Y,none,,,,2,,0,1,79,M,14.2,,7,25,O,0,,,,,,A,,24.3,21.9,yellow,L,T
EMB,N,AP87552,,BmWW,213,1,16,11,2013,3,1,Y,none,,,,1,1,0,1,78,M,14.4,,7,30,O,0,,,,,,J,8OGC,24.5,21.9,black,H,T
EMB,R,AP87552,,BmxWBR,213,2,6,2,2014,3,1,,132,SHORT,ELASTIC,34.5,1,1,0,2,77,M,14.5,15.2,7,15,O,0,,,,,,,,,,GREY,H,N
EMB,N,AP87553,,BmPW,214,1,16,11,2013,3,1,N,none,,,,2,2,0,1,75,F,16.1,,7,40,O,1,,,,,,J,8OGC,24.3,21.8,pale,H,T
EMB,N,AP87554,,YmWG,215,1,16,11,2013,3,1,N,none,,,,2,1,0,1,79,M,15.7,,8,0,O,0,,,,,,J,8OGC,24.5,22.6,yellow,H,T
EMB,N,AP87555,,OmGB,216,1,16,11,2013,3,1,Y,none,,,,2,2,0,2,77,F,17.5,,9,0,O,0,,,,,,J,8OGC,25.2,22.3,yellow,M,T
EMB,N,AP87557,,LmOO,217,1,18,11,2013,3,5,Y,none,,,,2,1,0,1,78,M,16.4,,7,20,O,0,,,,,,J,7OGC,26.3,23.3,yellow,H,T
EMB,N,AP87558,,YmOB,218,1,18,11,2013,3,5,N,none,,,,2,1,0,1,76,M,13.9,,7,30,O,0,,,,,,J,8OGC,23.1,20.2,pale,L,T
EMB,N,AP87559,,OmBW.H,219,1,18,11,2013,3,5,Y,none,,,,1,1,0,2,78,M,15.6,,7,35,O,0,,,,,,A,,24.1,21.5,black,L,T
EMB,N,AP87560,,BmBW.H1,220,1,18,11,2013,3,5,Y,none,,,,1,2,0,1,78,F,13,,7,50,O,0,,,,,,A,,23.9,21.3,pale,L,T
EMB,N,AP87561,,YmLB,221,1,18,11,2013,3,5,Y,none,,,,2,2,0,2,76,(F),15.5,,8,0,O,0,,,,,,J,8OGC,25.5,22.9,yellow,L,T
EMB,N,AP87556,,LmYL,222,1,18,11,2013,3,5,Y,none,,,,1,1,0,2,81,M,15.3,,9,5,O,0,,,,,,A,,24.6,22,black,L,T
EMB,N,AP87562,,GmBW.A,223,1,18,11,2013,3,2,N,none,,,,2,2,0,2,77,F,16.5,,17,10,O,0,,,,,,J,9OGC,24.5,21.6,,L,T
EMB,N,AP87563,,BmYO,224,1,19,11,2013,3,5,Y,none,,,,2,2,0,1,77,(F),15.1,,6,55,O,0,,,,,,J,9OGC,24.8,22.1,pale,L,T
EMB,N,AP87564,,WmOB,225,1,19,11,2013,3,5,N,none,,,,2,1,0,1,80,M,14.2,,7,15,O,0,,,,,,J,9OGC,22.6,20.1,yellow,H,T
EMB,N,AP87565,,OmWW,226,1,19,11,2013,3,5,Y,none,,,,2,,0,2,80,(F),14.1,,7,25,O,0,,,,,,J,8OGC,24.5,21.5,pale,H,T
EMB,N,AP87566,,GmWB,227,1,19,11,2013,3,5,Y,none,,,,2,2,0,1,79,(M),14.5,,7,40,O,0,,,,,,J,8OGC,25.5,22.8,yellow,L,T
EMB,N,AP87567,,WmBO,228,1,19,11,2013,3,5,Y,none,,,,1,2,0,1,77,F,14.2,,7,50,O,0,,,,,,A,,24.3,21.5,grey,L,T
EMB,N,AP87568,,OmLY,229,1,19,11,2013,3,5,Y,none,,,,1,1,0,1,80.5,M,13.6,,8,0,O,0,,,,,,A,,24.3,21.9,dark,L,T
EMB,N,AP87569,,YmBW,230,1,19,11,2013,3,5,Y,none,,,,1,1,0,1,80.5,M,14.1,,8,35,O,0,,,,,,A,,24.1,21.5,black,L,T
EMB,N,AP87570,,YmGW,231,1,19,11,2013,3,5,Y,none,,,,1,1,0,1,80,M,16.6,,8,40,O,0,,,,,,A,,25.7,23,yellow,,T
EMB,N,AP87571,,WmLY.H1,232,1,19,11,2013,3,5,Y,none,,,,1,1,0,1,79,M,14.6,,8,45,O,0,,,,,,A,,24.4,22.1,black,L,T
EMB,N,AP87572,,PmOO,233,1,20,11,2013,3,5,Y,none,,,,2,1,0,1,78,M,16.1,,6,55,O,0,,,,,,J,8OGC,25.7,23,pale,M,T
EMB,N,AP87573,,WmYB.H1,234,1,20,11,2013,3,5,N,none,,,,1,1,0,2,80,M,14.5,,7,5,O,0,,,,,,A,,24.9,22.3,pale grey,L,T
EMB,N,AP87574,,PmWW,235,1,20,11,2013,3,5,N,none,,,,1,2,0,2,79,F,15,,7,15,O,0,,,,,,A,,24.9,22.5,grey,L,T
EMB,N,AP87575,,BmOW,236,1,20,11,2013,3,5,N,none,,,,1,1,0,2,79,M,16.6,,7,50,O,0,,,,,,A,,24.8,22.3,grey,L,T
EMB,N,AP87576,,BmYB,237,1,20,11,2013,3,5,Y,none,,,,2,1,0,2,77.5,M,15.5,,8,5,O,0,,,,,,J,8OGC,25,22.3,pale,H,T
EMB,N,AP87577,,GmOW,238,1,20,11,2013,3,5,N,none,,,,2,,0,2,80,(F),16.9,,8,10,O,0,,,,,,J,8OGC,25.3,22.3,pale,H,T
EMB,N,AP87585,,WmYB.H2,239,1,22,11,2013,3,5,N,none,,,,2,,0,1,81,(M),15.9,,7,15,O,0,,,,,,J,,24.8,22.1,grey,M,T
EMB,N,AP87586,,YmGB,240,1,22,11,2013,3,5,Y,none,,,,2,1,0,1,79,M,14.3,,7,30,O,0,,,,,,J,8OGC,24.9,21.9,pale,M,T
EMB,N,AP87587,,OmWB,241,1,22,11,2013,3,5,Y,none,,,,2,2,0,1,75,F,12.6,,7,45,O,0,,,,,,J?,8OGC,23,20.4,pale,M,T
EMB,N,AP87578,,LmWG,242,1,21,11,2013,3,2,Y,none,,,,2,1,0,1,80,M,14.7,,7,0,O,0,,,,,,J,8OGC,25.6,22.7,yellow,M,T
EMB,N,AP87579,,YmYB,243,1,21,11,2013,3,2,N,none,,,,2,2,0,1,75,F,14.3,,7,20,O,0,,,,,,J,7OGC,24.5,21.7,,,T
EMB,N,AP87580,,LmWY,244,1,21,11,2013,3,2,Y,none,,,,2,1,0,1,78.5,M,16.2,,7,35,O,0,,,,,,J,9OGC,25.6,23.2,yellow,M,T
EMB,N,AP87581,,GmYG,245,1,21,11,2013,3,2,Y,none,,,,2,1,0,1,78,M,14.6,,7,50,O,0,,,,,,J,8OGC,23.3,20.6,yellow,H,T
EMB,R,AP87581,,GmxGPN,245,2,11,2,2014,3,2,,143,SHORT,TIE,97.5,2,1,0,2,78,M,14.6,15.1,6,50,O,,,,,,,JV,8OGC,22.8,20,YELLOW,H,N
EMB,N,AP87582,,OmYO,246,1,21,11,2013,3,2,Y,none,,,,1,1,0,1,80.5,M,15.7,,7,55,O,0,,,,,,A,,24.8,22.3,pale grey,L,T
EMB,N,AP87583,,WmYY,247,1,21,11,2013,3,2,Y,none,,,,1,1,0,2,80.5,M,18.2,,8,10,O,0,,,,,,A,,25.6,23,pale black,L,T
EMB,N,AP87588,,OmGW.H1,248,1,22,11,2013,3,5,Y,none,,,,,1,0,1,81,M,13.9,,8,10,O,0,,,,,,A?,2OGC,23.7,21.2,pale,L,T
EMB,N,AP87589,,PmLW,249,1,22,11,2013,3,5,Y,none,,,,2,1,0,1,77.5,M,15.8,,8,30,O,0,,,,,,J,8OGC,23.9,21.4,yellow,M,T
EMB,N,AP87590,,OmGW.H2,250,1,23,11,2013,3,5,Y,none,,,,2,2,0,1,76,(M),14.7,,7,5,O,0,,,,,,J,7OGC,24.9,22.4,pale,M,T
EMB,N,AP87584,,BmOY,251,1,22,11,2013,3,5,Y,none,,,,2,2,0,1,77,F,17.3,,7,10,O,0,,,,,,J,8OGC,25.4,22.2,pale,L,T
EMB,N,AP87591,,LmWB,252,1,23,11,2013,3,5,?,none,,,,2,,0,2,78,M,14.7,,7,25,O,0,,,,,,J,7OGC ?,24.4,21.8,yellow grey,M,T
EMB,N,AP87592,,WmWL,253,1,23,11,2013,3,5,Y,none,,,,2,1,0,1,76,(M),14.1,,8,10,O,0,,,,,,J,8OGC,23,21.5,pale,H,T
EMB,N,AP87593,,WmYB.H3,254,1,23,11,2013,3,5,Y,none,,,,1,1,0,1,79.5,M,15,,8,25,O,0,,,,,,A,,24.5,22.2,black,L,T
EMB,N,AP87594,,LmGO,255,1,23,11,2013,3,5,N,none,,,,2,1,0,1,81,(M),16.6,,9,10,O,0,,,,,,J,9OGC,24.5,22,yellow,H,T
EMB,N,AP87595,,LmWO,256,1,26,11,2013,3,5,Y,none,,,,,,0,1,79,?,15.4,,7,10,O,0,,,,,,A,,25.6,22.9,pale,L,T
EMB,N,AP87596,,BmOB,257,1,26,11,2013,3,5,N,none,,,,2,1,0,1,77.5,M,15,,7,30,O,0,,,,,,J,8OGC,24.9,22.5,pale,M,T
EMB,N,AP87597,,GmBW.H,258,1,26,11,2013,3,5,Y,none,,,,,2,0,2,79,F,14.6,,7,50,O,0,,,,,,A,,24.5,22.2,pink,L,T
EMB,N,AP87598,,WmGO,259,1,26,11,2013,3,5,Y,none,,,,2,1,0,1,78,(M),16.1,,8,30,O,0,,,,,,J,7OGC,24.4,21.1,pale,M,T
EMB,N,AP87599,,OmBY,260,1,27,11,2013,3,5,Y,none,,,,2,2,0,1,78.9,F,15.1,,7,10,O,0,,,,,,J,8OGC,25.4,22.9,pale yellow,M-H,T
EMB,N,AP87101,,GmYO,261,1,27,11,2013,3,5,Y,none,,,,2,1,0,1,81,M,16.6,,7,15,O,0,,,,,,J,8OGC,25.5,22.7,yellow,M,T
EMB,N,AP87102,,WmYW,262,1,27,11,2013,3,5,Y,none,,,,2,1,0,1,79,M,16.2,,7,45,O,0,,,,,,J,7OGCr9OL,25,22.7,pale,M,T
EMB,N,AP87103,,LmBO,263,1,27,11,2013,3,5,Y,none,,,,1,1,0,2,78,M,16.7,,8,20,O,0,,,,,,A,,25.5,23,black,L,T
EMB,N,AP87104,,YmWW,264,1,27,11,2013,3,5,Y,none,,,,2,1,0,2,80,M,15.2,,8,35,O,0,,,,,,J,4OGC,24.9,22.5,yellow,M,T
EMB,N,AP87105,,OmYG,265,1,27,11,2013,3,5,Y,none,,,,1,2,0,1,81,?,15.4,,9,5,O,0,,,,,,A,,24.9,22.4,black,L,T
EMB,N,AP87106,,BmGB.H,266,1,27,11,2013,3,5,N,none,,,,2,2,0,2,74,F,14.8,,9,15,O,0,,,,,,J,8OGC,23.2,20.5,pale,H,T
EMB,N,AP87107,,WmYO.G,267,1,28,11,2013,3,,Y,none,,,,2,2,0,2,75,F,14.6,,8,0,O,0,,,,,,J,9OGC,24.5,22.4,yellow,H,T
EMB,N,AP87108,,BmYW,268,1,29,11,2013,3,5,Y,none,,,,2,1,0,2,76.5,M,14.5,,7,25,O,0,,,,,,J,8OGC,23.2,20.5,yellow,L,T
EMB,N,AP87109,,LmYY,269,1,29,11,2013,3,5,Y,none,,,,1,1,0,1,82,M,15.6,,7,50,O,0,,,,,,A,,24.8,22.3,black,L,T
EMB,N,AP87110,,YmOO,270,1,29,11,2013,3,5,N,none,,,,2,,0,1,76,(M),14.6,,8,0,O,0,,,,,,J,10OGC,23.7,21.1,pale grey,H,T
EMB,N,AP87112,,BmBL,271,1,29,11,2013,3,5,Y,none,,,,2,1,0,1,79,M/F,15.7,,8,30,O,0,,,,,,J,,24.3,21.8,yellow black,L,T
EMB,N,AP87113,,LmOB,272,1,29,11,2013,3,5,N,none,,,,2,1,0,2,78,M,15.7,,9,20,O,0,,,,,,J,9OGC,24.8,22.2,yellow,H,T
EMB,N,AP87114,,GmOO,273,1,29,11,2013,3,5,Y,none,,,,1,1,0,1,82,M,15.2,,9,25,O,0,,,,,,A,9OGC,24.3,21.5,pale black,L,T
EMB,N,AP87115,,OmWY,274,1,30,11,2013,3,5,N,none,,,,1,2,0,2,79,F,15.9,,7,0,O,0,,,,,,A,,24.9,22.2,pale grey,L,T
EMB,N,AP87117,,WmYO.H,275,1,30,11,2013,3,5,Y,none,,,,1,1,0,1,78,M,15.7,,7,25,O,0,,,,,,A,,25.3,22.5,black,L,T
EMB,N,AP87118,,LmYO,276,1,2,12,2013,3,5,Y,none,,,,1,1,0,1,80.5,M,14.8,,7,0,O,0,,,,,,A,,24.9,22.9,pale black,L,T
EMB,N,AP87119,,YmBB,277,1,2,12,2013,3,5,Y,none,,,,1,1,0,1,81,M,16.4,,7,20,O,0,,,,,,A,,24,21.4,grey,L,T
EMB,N,AP87121,,WmOL,278,1,2,12,2013,3,5,Y,none,,,,2,2,0,2,76,F,14.3,,7,30,O,0,,,,,,J,,24.6,21.9,yellow,M,T
EMB,N,AP87122,,BmLW,279,1,2,12,2013,3,5,N,none,,,,2,1,0,1,80,M,14.3,,8,15,O,0,,,,,,J,8OGC,25.6,22.9,yellow,H,T
EMB,N,AP87123,,BmWB,280,1,2,12,2013,3,5,N,none,,,,2,1,0,2,80,M/F,15.8,,8,25,O,0,,,,,,J,9OGC,25.5,22.9,pale,M,T
EMB,N,AP87124,,BmBO.H1,281,1,2,12,2013,3,5,Y,none,,,,2,2,0,2,79.5,F,14.3,,9,0,O,0,,,,,,J,8OGC,24.1,21.8,yellow,M,T
EMB,N,AP87125,,BmBW.H2,282,1,2,12,2013,3,5,Y,none,,,,1,2,0,2,78,(F),15.1,,9,5,O,0,,,,,,A,,25,22.6,pale,L,T
EMB,N,AP87126,,OmWO,283,1,3,12,2013,3,5,Y,none,,,,1,2,0,2,79,(F),15.5,,7,5,O,0,,,,,,A,,25.1,22.1,black,L,T
EMB,N,AP87127,,WmLY.H2,284,1,3,12,2013,3,5,N,none,,,,2,1,0,1,78,(M),16.2,,7,20,O,0,,,,,,J,8OGC,24,21.6,grey,H,T
EMB,N,AP87128,,GmLB,285,1,3,12,2013,3,5,N,none,,,,2,2,0,1,79,F,15.7,,8,0,O,0,,,,,,J,10OGC,24,21.4,yellow,H,T
EMB,N,AP87129,,YmLL,286,1,3,12,2013,3,5,Y,none,,,,2,2,0,1,80,M,15.3,,8,45,O,0,,,,,,J,9OGC,25.7,23,yellow,M,T
EMB,N,AP87130,,BmBO.H2,287,1,3,12,2013,3,5,N,none,,,,1,1,0,1,80,M,15.4,,9,0,O,0,,,,,,A,,23.8,21.5,black,L,T
EMB,N,AP87131,,GmOL,288,1,3,12,2013,3,5,N,none,,,,2,2,1,1,78,F,17.6,,9,5,O,0,,,,,,J,8OGC,25,22.3,pale  yellow,M-L,T
EMB,N,AP87132,,OmGY,289,1,3,12,2013,3,5,N,none,,,,1,1,0,1,79,M,15.4,,9,15,O,0,,,,,,A,,25.8,23.2,grey,L,T
EMB,N,AP87133,,YmWB,290,1,3,12,2013,3,5,N,none,,,,2,2,0,2,78,F,15.1,,9,30,O,0,,,,,,J,9OGC,25,22.5,pale yellow,L,T
EMB,N,AP87134,,YmYO,291,2,4,12,2013,3,1,Y,none,,,,1,1,0,1,80,M,15.1,,7,0,O,0,,,,,,A,,26.5,24.2,black,L,T
ALICE,R,,,YmxYO,291,1,18,3,2014,3,1,,,,,,1,1,,,81,,16.9,,7,40,,,,,,,,,,26.4,24,,,
EMB,N,AP87135,,BmBY,292,1,4,12,2013,3,1,N,none,,,,1,1,0,1,78.5,M,15.1,,7,5,O,0,,,,,,A,,25.6,22.8,black,L,T
EMB,N,AP87136,,LmWL,293,1,4,12,2013,3,1,Y,none,,,,2,1,0,2,81,M,14.7,,7,30,O,0,,,,,,J,8OGC,25,22.6,pale,H,T
EMB,N,AP87137,,OmGO,294,1,4,12,2013,3,1,Y,none,,,,2,2,0,2,77,F,14.1,,7,45,O,0,,,,,,A,,24.1,21.9,grey,M,T
EMB,R,AP87137,,OmxOBR,294,2,5,2,2014,3,1,,111,LONG,ELASTIC,34,,2,0,2,77,F,13.6,14.4,7,25,O,0,,,,,,,,,,PALE,M-H,N
EMB,N,AP87138,,LmWW,295,1,4,12,2013,3,1,Y,none,,,,1,2,0,1,79,(F),15.3,,8,10,O,0,,,,,,A,,25.8,23.4,black,L,T
EMB,N,AP87139,,WmBL,296,1,4,12,2013,3,1,N,none,,,,1,,0,2,82,(M),15.2,,8,30,O,0,,,,,,A,,24.6,22.4,black,L,T
EMB,N,AP87140,,GmYW,297,1,4,12,2013,3,1,N,none,,,,1,1,0,2,77,M,16.2,,8,35,O,0,,,,,,A,,24.2,22,pale grey,L,T
EMB,N,AP87141,,YmBY,298,2,4,12,2013,3,1,Y,none,,,,1,1,0,1,80.5,M,14.7,,8,55,O,0,,,,,,A,,24.4,22.1,black,L,T
EMB,R,AP87141,,BRmxBY,298,2,17,2,2014,3,1,Y,4,NONE,TIE,94,1,1,0,1,81,M,15.1,15.6,8,40,O,1,,,,,,AD,,,,GREY,L,N
ALICE,R,,,BRmxBY,298,1,18,3,2014,3,1,,,,,,1,1,,,80,,16.1,16.7,6,45,,,,,,,,,,24,21.9,,,
EMB,N,AP87142,,WmWN,299,1,4,12,2013,3,1,Y,none,,,,1,2,0,1,77,F,16.1,,9,35,O,0,,,,,,A,,24.3,21.7,grey,L,T
EMB,N,AP87143,,OmBN,300,1,4,12,2013,3,1,Y,none,,,,2,2,0,1,74.5,F,14.4,,9,55,O,0,,,,,,J,9OGC,24.8,22.2,yellow,H,T
EMB,N,AP87144,,LmYW,301,1,5,12,2013,3,1,N,none,,,,1,,0,2,81,(F),15,,7,5,O,0,,,,,,A,,25.5,23.3,black,L,T
EMB,N,AP87145,,GmWW,302,1,5,12,2013,3,1,Y,none,,,,1,2,0,1,78,F,16,,7,20,O,0,,,,,,A,,24.6,22.1,grey,L,T
EMB,R,AP87145,,GmxYRW,302,2,8,2,2014,3,1,,158,SHORT,ELASTIC,36,1,2,0,2,78,F,16.1,,7,20,O,0,,,,,,,,,,PALE,L,N
EMB,N,AP87146,,WmON,303,1,5,12,2013,3,1,Y,none,,,,2,2,0,2,77,F,13.8,,7,30,O,0,,,,,,J,9OGC,23,20.5,yellow,M,T
EMB,N,AP87147,,YmYN,304,1,5,12,2013,3,1,N,none,,,,2,,0,2,79,(M),15.3,,7,40,O,0,,,,,,J,9OGC,24.7,22.3,pink,M,T
EMB,N,AP87148,,OmLN,305,1,5,12,2013,3,1,N,none,,,,2,2,0,1,76,F,14.7,,8,0,O,0,,,,,,J,9OGC,23.9,21.2,yellow,M,T
EMB,N,AP87149,,NmYY,306,1,5,12,2013,3,1,Y,none,,,,2,2,0,1,76.5,F,15.3,,8,10,O,0,,,,,,J,8OGC,24.4,21.9,yellow,M,T
EMB,R,AP87149,,NmxWLY,306,2,8,2,2014,3,1,Y,157,SHORT,ELASTIC,36,2,2,0,2,76.5,(F),15.2,15.8,6,55,O,0,,,,,,,8OGC,,,PALE,H,N
EMB,N,AP87150,,BmWN,307,1,5,12,2013,3,1,N,none,,,,1,,2,2,81,(F),19,,8,30,O,0,,,,,,A,,25.5,23,black,L,T
EMB,N,AP87151,,YmON.J,308,1,5,12,2013,3,1,N,none,,,,2,,0,2,77,(M),14.2,,9,10,O,0,,,,,,J,8OGC,25.1,22.5,yellow,M,T
EMB,N,AP87152,,LmGN,309,1,5,12,2013,3,1,Y,none,,,,1,2,0,1,78.5,F,14.2,,9,10,O,0,,,,,,A,,25.1,22.3,black,L,T
EMB,N,AP87153,,YmLN,310,1,6,12,2013,3,4,N,none,,,,2,2,0,1,76,F,13.8,,7,10,O,0,,,,,,J,8OGC,24.8,22.4,yellow,H,T
EMB,N,AP87154,,WmBB,311,1,6,12,2013,3,4,Y,none,,,,1,2,0,1,77,F,14.5,,7,15,O,0,,,,,,A,,25.1,22.5,black,L,T
EMB,R,AP87154,,WmxOWB,311,2,19,2,2014,3,4,,162,SHORT,TIE,99.5,,2,0,2,76,(F),14.3,14.9,6,55,O,0,,,,,,,,,,PINK-GREY,M,N
EMB,N,AP87155,,GmBO,312,1,6,12,2013,3,4,N,none,,,,2,,0,1,80,F,15.7,,8,0,O,0,,,,,,J,9OGC,25,22.4,yellow,H,T
EMB,N,AP87156,,WmYG,313,1,6,12,2013,3,4,N,none,,,,2,1,0,1,81,M,14.7,,8,5,O,0,,,,,,J,7OGC,24.8,22.4,pale,M,T
EMB,N,AP87157,,OmBW.B,314,1,6,12,2013,3,4,N,none,,,,2,2,0,1,76,F,14.1,,8,10,O,0,,,,,,J,8OGC,23.2,20.6,grey,M,T
EMB,N,AP87158,,BmWY.B,315,1,6,12,2013,3,4,N,none,,,,1,1,0,1,82,M,17,,8,15,O,0,,,,,,A,,26.7,23.9,grey,L,T
EMB,N,AP87159,,LmGW,316,1,6,12,2013,3,4,Y,none,,,,2,1,0,1,78,M,15.2,,8,25,O,0,,,,,,J,8OGC,24.8,22,yellow,H,T
EMB,N,AP87160,,BmGB.B,317,1,6,12,2013,3,4,Y,none,,,,2,2,0,1,79,F,15.4,,9,5,O,0,,,,,,J,9OGC,25.3,22.6,yellow,L,T
EMB,N,AP87161,,BmGY,318,1,6,12,2013,3,2,Y,none,,,,2,2,0,1,76.5,F,14,,17,20,O,0,,,,,,J,8OGC,25.3,22.9,yellow,L,T
EMB,N,AP87162,,YmWL,319,2,6,12,2013,3,2,Y,none,,,,2,2,0,2,78,F,15.1,,17,25,O,0,,,,,,J,9OGC?,24.4,21.9,pale grey,L,T
EMB,R,AP87162,,RBmxWL,319,2,11,2,2014,3,2,Y,76,LONG,TIE,93,2,2,0,1,78,F,15.3,16,11,25,O,,,,,,,JV,8OGC,,,YELLOW,M,T
ALICE,R,,,RBmxWL,319,1,1,4,2014,3,2,,,,,,2,2,1,2,77.5,,17.1,17.7,6,50,,,,,,,,,,23.9,22.9,,,
EMB,N,AP87163,,LmLO,320,1,6,12,2013,3,2,Y,none,,,,1,2,0,1,75.5,F,13.4,,17,50,O,0,,,,,,A,,24.1,21.4,black,L,T
EMB,N,AP87164,,LmLN,321,1,7,12,2013,3,5,N,none,,,,1,2,0,1,79,F,15.5,,7,0,O,0,,,,,,A,,25.1,22.5,pink,L,T
EMB,N,AP87165,,YmON.H,322,1,7,12,2013,3,5,Y,none,,,,2,2,0,1,79.5,F,15.3,,7,15,O,0,,,,,,J,,24.1,21.4,yellow,M,T
EMB,N,AP87166,,WmYN,323,1,7,12,2013,3,5,N,none,,,,2,1,0,1,79,M,14.8,,7,20,O,0,,,,,,J,9OGC,25.1,22.7,yellow,M,T
EMB,N,AP87167,,GmGN,324,1,7,12,2013,3,5,Y,none,,,,1,1,0,2,79.5,M,15.3,,7,25,O,0,,,,,,A,,24.3,21.9,black,L,T
EMB,N,AP87168,,OmWN,325,1,7,12,2013,3,5,Y,none,,,,,2,0,2,77,F,14,,8,5,O,0,,,,,,J?,MAY4 8OGC,23.7,21.4,grey,M,T
EMB,N,AP87169,,BmLN,326,1,7,12,2013,3,5,Y,none,,,,,2,0,1,76,F,15.3,,8,35,O,0,,,,,,J,8OGC,23.9,21.2,pale,,T
EMB,N,,,YBxPN.2,327,2,4,2,2014,3,1,Y,114,LONG,ELASTIC,35,1,2,0,2,77,F,15,15.7,18,10,O,0,,,,,,,,25.1,22.5,PALE,M,T
ALICE,R,,,YBxPN.2,327,1,18,3,2014,3,1,,,,,,1,2,,,77,,16.2,16.8,7,30,,,,,,,,,,24.8,22.6,,,
EMB,N,,,LWxOY,328,1,5,2,2014,3,1,N,096 OR 092,LONG,ELASTIC,36,2,1,0,2,77,M,14.9,15.4,8,0,O,0,,,,,,,8OGC,24.2,21.2,PALE,M-H,T
EMB,N,AP87170,,mYxBY,329,2,5,2,2014,3,1,Y,none,,,,1,2,0,2,76.5,F,14.3,,8,20,O,0,,,,,,,,25,22.7,GREY,M,T
ALICE,R,,,mYxBY,329,1,18,3,2014,3,1,,,,,,1,2,,,76,,15.7,,6,45,,,,,,,,,,24.7,22.6,,,
EMB,N,,,YRBxB,330,1,5,2,2014,3,1,Y,096 OR 092,LONG,ELASTIC,36,1,2,0,2,76,F,14.9,15.5,8,30,O,0,,,,,,,,26.2,23.6,PALE GREY,L,T
EMB,N,AP87171,,mLxWG,331,1,5,2,2014,3,1,Y,none,,,,1,2,0,2,79.5,F,15,,9,40,O,0,,,,,,,,24.8,22.2,BLACK,L,T
EMB,N,,,GRYxY,332,1,5,2,2014,3,1,Y,72,LONG,ELASTIC,36.5,1,1,1,1,805,M,15.9,16.5,9,55,O,0,,,,,,,,23.8,21.1,BLACK,M,T
EMB,N,,,RYWxW,333,1,6,2,2014,3,1,N,134,SHORT,ELASTIC,36,2,2,0,1,75.5,F,15.1,15.5,9,10,O,0,,,,,,,8OGC,24.4,21.6,YELLOW,H,T
EMB,N,,,ONxPN.J2,334,1,6,2,2014,3,1,Y,108,SHORT,ELASTIC,37.5,2,2,0,1,79,F,14.4,15,9,30,O,0,,,,,,,8OGC,25.1,22.3,YELLOW,H,T
EMB,N,,,OWLxL,335,1,6,2,2014,3,1,N,112,LONG,ELASTIC,36.5,1,2,0,2,78,F,14.4,15,9,50,O,0,,,,,,,,24.6,22.1,BLACK,L,T
EMB,N,AP87172,,mNxWN,336,1,6,2,2014,3,1,Y,none,,,,1,2,0,2,75.5,F,14.6,15.2,10,10,O,0,,,,,,,,24.4,21.5,YELLOW,L,T
EMB,N,AP87173,,mNxLN,337,2,6,2,2014,3,1,Y,none,,,,1,1,0,2,80.5,M,17.1,,18,30,O,0,,,,,,,,25.7,22.9,GREY,L,T
ALICE,R,,,mNxLN,337,1,20,3,2014,3,1,,,,,,1,1,0.5,2,80,,17.3,,6,45,,,,,,,,,,25.2,23.2,,,
EMB,N,,,WxWON,338,1,7,2,2014,3,1,N,none,,,,2,,0,2,76,?,13.1,13.7,6,30,O,0,,,,,,,,24.3,21.8,,H,N
EMB,N,,,RYxWN,339,1,7,2,2014,3,1,Y,174,SHORT,ELASTIC,36,2,,0,2,80,M,15.1,,6,50,O,0,,,,,,,90GC,25.1,22.6,GREY,H,N
EMB,N,,,WPNxW,340,1,8,2,2014,3,1,N,70,LONG,ELASTIC,36.5,1,1,0,2,79.5,M,15.1,15.7,7,5,O,0,,,,,,,,,,PINK-GREY,M,N
EMB,N,,,YxYRN,341,1,8,2,2014,3,5,N,10,NONE,ELASTIC,36,1,1,0,1,78,M,15,15.4,18,15,O,0,,,,,,,,24.4,22,BLACK,L,T
EMB,N,,,RYNxN,342,1,9,2,2014,3,2,N,136,SHORT,ELASTIC,35.5,2,2,0,2,78,F,14.4,15,7,30,O,0,,,,,,,8OGC,23.9,21,YELLOW,M,T
EMB,N,,,BRxLN,343,1,9,2,2014,3,2,N,6,NONE,TIE,97.5,1,2,0,2,79,F,15.7,16.1,7,50,O,0,,,,,,,,26,23.1,YELLOW-BLACK,M,T
EMB,N,AP87175,,mLxWW,344,1,9,2,2014,3,2,Y,none,,,,2,2,0,1,76,F,15.6,,8,35,O,1,,,,,,,8OGC,25.4,22.7,YELLOW-GREY,H,T
EMB,N,,,LPNxL,345,2,9,2,2014,3,2,Y,156,SHORT,ELASTIC,36,1,1,0,1,79.5,M,15.7,16.4,8,40,O,0,,,,,,,,25.4,22.8,BLACK,L,T
ALICE,R,,,LPNxL,345,1,1,4,2014,3,2,,,,,,1,1,1,2,80,,16.8,17.4,6,45,,,,,,,,,,24.9,22.9,,,
EMB,N,,,RYxGN,346,2,9,2,2014,3,2,Y,131,SHORT,ELASTIC,36,2,2,0,2,74,F,15,15.8,10,20,O,,,,,,,,10OGC,24.8,22.2,GREY,H,T
ALICE,R,,,RYxGN,346,1,1,4,2014,3,2,,,,,,2,2,0.5,1,74.5,,14.9,15.5,6,45,,,,,,,,,,24.4,22,,,
EMB,N,,,OxBRN,347,1,10,2,2014,3,2,Y,166,SHORT,TIE,92,2,2,0,1,78,F,13.5,14,6,40,O,,,,,,,,10OGC,23.9,21.2,PALE,H,N
EMB,N,,,WLxLN,348,1,10,2,2014,3,2,Y,90,LONG,TIE,95.5,2,1,0,2,79,M,14.5,15.1,7,25,O,1,,,,,,,10OGC,24,21.7,PALE,M,N
EMB,N,,,BYRxW,349,1,10,2,2014,3,2,Y,8,NONE,ELASTIC,35.5,2,2,0,1,77,F,14.2,14.8,10,15,O,,,,,,,,8OGC,24.2,21.4,PINK-PALE,H,T
EMB,N,,,LLxPN,350,1,10,2,2014,3,2,N,71,LONG,ELASTIC,36,2,1,1,1,78.5,M,14.8,15.4,10,30,O,,,,,,,,8OGC,25.8,22.9,GREY,H,T
EMB,N,,,RYxLN,351,1,10,2,2014,3,4,Y,120,SHORT,TIE,97,2,2,0,2,78.5,F,16.2,16.8,18,0,O,,,,,,,,look all ad,24.8,22.2,YELLOW,H,T
EMB,N,,,WRYxN,352,1,11,2,2014,3,2,N,1,NONE,ELASTIC,36,1,2,0,2,81.5,F,16.8,,9,50,O,,,,,,,,,25.6,23,,,N
EMB,N,,,WLxYN,353,1,11,2,2014,3,2,N,119,SHORT,ELASTIC,36,2,1,0,2,78,M,14,14.5,10,5,O,,,,,,,JV,8OGC,24.4,21.9,,H,T
EMB,N,,,RYxYN,354,1,11,2,2014,3,2,Y,5,NONE,TIE,91,1,1,0,1,80,M,15.6,16.2,10,30,O,,,,,,,AD,,25.8,23,BLACK,L,T
EMB,N,,,YPNxY,355,1,11,2,2014,3,4,Y,55,LONG,ELASTIC,36,2,1,0,1,79,M,15.4,16,17,55,O,1,,,,,,JV,5OGC,24.6,22,BLACK,H,T
EMB,N,,,OWxWN,356,1,11,2,2014,3,4,N,91,LONG,ELASTIC,35.5,1,2,0,1,77.5,(F),14.7,15.4,18,30,O,,,,,,,AD,,24.4,21.7,PALE,L,T
EMB,N,,,LxBRN,357,1,11,2,2014,3,4,N,165,SHORT,ELASTIC,35.5,2,,0,1,77.5,F,16.4,17,18,40,O,3,,,,,,,,23.9,21.5,,M,T
EMB,N,,,GxYRN,358,1,12,2,2014,3,2,Y,11,NONE,TIE,85.5,2,2,0,1,75,F,13.2,13.4,7,40,O,,,,,,,JV,,23.8,21.1,PALE,H,N
EMB,N,,,OWxYN,359,1,12,2,2014,3,2,Y,145,SHORT,TIE,98,2,1,0,2,77.5,M,15.4,15.9,11,15,O,,,,,,,,,24.4,21.9,GREY,H,T
EMB,R,,,OWxYN,359,2,22,2,2014,3,,,145,SHORT,TIE,98,2,1,,,,,14.9,15.5,,,,,,,,,,,,,,,,
EMB,N,,,WLxGN,360,1,12,2,2014,3,4,N,6,NONE,ELASTIC,36,1,1,0,2,79,M,17.3,17.8,17,40,O,,,,,,,AD,,26.2,23.5,BLACK,M,T
EMB,N,,,WYRxW,361,1,12,2,2014,3,4,Y,154,SHORT,TIE,,2,1,0,1,78,(M),15.6,16.2,18,10,O,,,,,,,AJ,,24.9,21.9,,M,T
EMB,N,,,BRWxW,362,1,12,2,2014,3,4,Y,4,NONE,ELASTIC,35,2,2,0,1,78,F,14.6,15,18,25,O,,,,,,,JV,8OGC,24.9,22,YELLOW,H,T
EMB,N,,,BROxW,363,2,13,2,2014,3,2,Y,115,SHORT,TIE,96,2,2,0,2,76,F,14.7,15.3,17,15,O,,,,,,,,,25.2,22.2,PINK,M,T
ALICE,R,,,BROxW,363,1,30,3,2014,3,2,,,,,,2,2,0,1,76,,15,15.6,7,0,,,,,,,,,,24.9,22.8,,,
EMB,N,,,OWxLN,364,1,13,2,2014,3,2,Y,61,LONG,TIE,96,2,2,0,1,76,F,16.1,16.7,18,0,O,,,,,,,,9OGC,24.7,22,YELLOW,H,T
EMB,N,,,WLOxN,365,1,13,2,2014,3,2,Y,13,NONE,TIE,86,2,2,0,2,75.5,F,14.4,14.8,18,20,O,,,,,,,,10OGC,24.9,22.2,PALE,H,T
EMB,N,,,LxLWN,366,1,14,2,2014,3,2,Y,140,SHORT,ELASTIC,34.5,2,2,0,1,76,F,14.7,15.3,7,20,O,3,,,,,,,8OGC,24.8,22.4,PINK,M,T
EMB,N,,,RYxBN,367,1,14,2,2014,3,2,Y,14,NONE,ELASTIC,34,2,2,0,2,73,F,13.6,14,7,40,O,,,,,,,,8OGC,23.8,21.3,PINK,M,T
EMB,N,,,RYGxW,368,1,14,2,2014,3,2,Y,118,SHORT,ELASTIC,34,1,2,0,2,78,F,14.1,14.8,8,20,O,,,,,,,,AD,24.3,21.4,PALE,L,T
EMB,N,,,BRxWN,369,1,14,2,2014,3,2,Y,97,LONG,ELASTIC,35.5,2,2,0,2,76,F,15.2,15.9,8,40,O,2,,,,,,,8OGC,25.9,23.4,PALE YELLOW,H,T
EMB,N,,,GxWON,370,1,14,2,2014,3,2,Y,75,LONG,ELASTIC,34,2,2,0,2,75,F,13.4,14.1,9,0,O,,,,,,,,8OGC,24.4,22.5,YELLOW,H,T
EMB,N,,,NxBRN.A,371,1,14,2,2014,3,2,Y,15,NONE,ELASTIC,32,1,2,0,1,78.5,F,13.4,13.9,9,30,O,,,,,,,,AD,23.2,20.8,PALE GREY,L,T
EMB,N,,,LxWON,372,1,14,2,2014,3,2,Y,17,NONE,TIE,87.5,2,2,0,1,77,F,13.9,14.2,18,10,O,0,,,,,,JV,,24.6,22.1,PINK,H,T
EMB,N,,,YBRxB,373,1,14,2,2014,3,2,Y,110,LONG,ELASTIC,~34,2,1,0,1,75.5,(M),15.3,15.9,18,30,O,0,,,,,,JV,,24.5,21.8,PINK,M,T
EMB,N,,,WxWL,374,1,15,2,2014,3,5,Y,66,LONG,TIE,93,,2,0,2,78,F,14.5,15.2,7,35,O,0,,,,,,?JV,,24.5,21.6,PALE GREY,L-M,T
EMB,N,,,RYxON,375,1,15,2,2014,3,5,Y,161,SHORT,TIE,97,1,2,0,2,77,(F),14.4,15,8,5,O,0,,,,,,AD,,25,21.9,GREY / LIGHT,L,T
EMB,N,,,NxBRN.H,376,1,15,2,2014,3,5,Y,12,NONE,TIE,93,1,2,0,2,81,(M),15.2,15.5,9,15,O,0,,,,,,AD,,25.2,22.7,,H,T
EMB,N,,,WLNxN,377,1,15,2,2014,3,6,N,2,NONE,TIE,97.5,2,1,0,1,78,M,16.4,17.2,17,50,O,3,,,,,,JV,,24.6,21.8,YELLOW,M,T
EMB,N,none,,BxBRN,378,1,17,2,2014,3,1,Y,1,NONE,TIE,90,2,1,0,2,79.5,M,15.5,15.8,7,30,O,0,,,,,,JV,,25.6,23,GREY,M,N
EMB,N,,,OWxGN,379,1,17,2,2014,3,1,N,2,NONE,TIE,90,2,2,0,2,78,F,14.5,15,8,20,O,0,,,,,,JV,,25.4,22.6,PINK-YELLOW,H,N
EMB,N,,,OxWL,380,1,17,2,2014,3,4,N,73,LONG,TIE,99.5,,1,0,2,79.5,(F),17.2,17.7,18,15,O,3,,,,,,?JV,,24.9,22.4,GREY,H,T
EMB,N,,,BRxBN,381,1,17,2,2014,3,4,N,117,SHORT,ELASTIC,36,2,2,0,2,77,F,15.5,16.1,18,30,O,2,,,,,,JV,,24.9,22.7,PALE,H,T
EMB,N,,,RYOxN,382,1,18,2,2014,3,4,N,16,NONE,TIE,97,2,2,0,1,76,F,14.9,15.3,8,0,O,2,,,,,,JV,8OGC,23.6,21.2,PALE,M,T
EMB,N,,,OPNxO,383,1,18,2,2014,3,4,N,138,SHORT,TIE,97,2,2,0,1,77,F,13.7,14.1,8,30,O,2,,,,,,JV,9OGC,23.5,21.2,YELLOW,H,N
EMB,N,,,LRBxL,384,1,18,2,2014,3,4,N,7,NONE,TIE,97,2,2,0,2,77,F,14.7,15.2,8,50,O,0,,,,,,,?9OGC,24.8,22.4,YELLOW-GREY,L,T
EMB,N,,,GxWL,385,1,18,2,2014,3,4,N,121,SHORT,ELASTIC,35,2,2,0,1,78,(M),15.1,15.7,9,10,O,0,,,,,,JV,9OGC,25.1,22.9,YELLOW,L,T
EMB,N,,,YxBR,386,1,18,2,2014,3,4,Y,98,LONG,ELASTIC,36.5,1,1,0,1,81,M,16.4,17.1,9,45,O,2,,,,,,AD,,25.2,22.3,GREY,L,T
EMB,N,,,LxWL,387,1,18,2,2014,3,4,N,168,SHORT,TIE,98.5,1,1,0,1,83,M,15.6,16.1,9,50,O,0,,,,,,AD,,24.9,22.3,GREY-YELLOW,L,T
EMB,N,,,BPNxB,388,1,18,2,2014,3,4,Y,106,LONG,ELASTIC,35,2,2,0,2,78,F,16,16.5,10,40,O,2,,,,,,JV,8OGC,24.9,22.1,YELLOW,L,T
EMB,N,,,OWYxY,389,1,18,2,2014,3,4,Y,102,LONG,TIE,99,2,2,0,2,78,F,15,15.5,10,50,O,2,,,,,,AD,8OGC,25.1,22.5,YELLOW-GREY,M,T
EMB,N,,,YRYxY.B,390,1,18,2,2014,3,4,N,8,NONE,ELASTIC,34,2,2,0,2,75,F,14.9,15.4,17,40,O,1,,,,,,JV,8OGC,25,22.9,PALE,M,T
EMB,N,,,BRBxW.BS,391,1,18,2,2014,3,4,Y,5,NONE,ELASTIC,36,1,1,0,1,81,M,16.5,17.1,18,35,O,2,,,,,,AD,,24.6,22.1,BLACK,L,T
EMB,N,,,LxBR,392,1,19,2,2014,3,4,N,128,SHORT,TIE,98.5,1,2,0,2,78,F,14.4,14.4,9,10,O,0,,,,,,AD,,25.5,22.8,PINK-GREY,L,T
EMB,N,,,WLBxW,393,1,19,2,2014,3,4,N,167,SHORT,TIE,98.5,2,,0,2,80,"either, more 1ST yr M",13.8,14.3,9,30,O,0,,,,,,,10OGC,24.8,22.3,PINK,M,T
EMB,N,,,WOxY,394,1,19,2,2014,3,4,Y,10,NONE,ELASTIC,35,1,2,0,2,76,F,14.8,15.3,9,45,O,0,,,,,,AD,,24.8,22.3,,M,T
EMB,N,,,BRGxG,395,1,19,2,2014,3,4,N,6,NONE,ELASTIC,32,1,2,0,1,80,F,13.6,14,10,10,O,2,,,,,,AD,,24,21.3,PINK,M,T
EMB,N,,,BxWL,396,1,19,2,2014,3,4,N,104,LONG,TIE,99,1,2,0,2,79,F,16,16.5,10,30,O,1,,,,,,AD,,23.8,21.3,GREY,L,T
MB,N,,,RYRxR,397,1,20,2,2014,3,5,N,15,NONE,TIE,96.5,1,1,0,2,79,M,13.8,14.1,8,10,O,2,,,,,,AD,,24.8,22.1,GREY,,T
MB,N,,,RYBxW,398,1,20,2,2014,3,5,N,153,SHORT,TIE,93.5,,2,0,2,76,F,15,15.7,11,15,O,1,,,,,,,,23,21.9,,M,T
MB,N,,,Wx(YR)N,399,1,20,2,2014,3,4,Y,18,NONE,TIE,94,2,2,0,2,76,F,16.2,16.6,17,55,O,1,,,,,,,,25.2,23,PINK,,T
EMB,N,,,NWOxN,400,1,21,2,2014,3,4,Y,62,LONG,TIE,97.5,2,2,0,2,78.5,F,14.6,15.2,7,30,O,0,,,,,,JV,8OGC,25.6,23.4,PALE,H,T
EMB,N,,,RYLxL,401,1,21,2,2014,3,4,Y,9,NONE,ELASTIC,33,1,2,0,2,NA,F,15.1,15.2,8,50,O,1,,,,,,AD,,23.3,20.8,BLACK,M,T
EMB,N,,,BRxON,402,1,21,2,2014,3,4,N,95,LONG,TIE,108,1,1,0,1,79.5,M,17.1,17.5,9,0,O,2,,,,,,AD,,25.5,22.5,BLACK,L,T
EMB,N,,,OxWON,403,1,21,2,2014,3,4,N,7,NONE,ELASTIC,32,1,2,0,1,77.5,F,14.7,15.2,9,45,O,2,,,,,,AD,,24.3,21.7,PALE,L,T
EMB,N,,,BRBxW.BN,404,1,21,2,2014,3,4,N,58,LONG,TIE,100,1,2,0,2,77,F,15.1,15.6,10,15,O,0,,,,,,AD,,24.3,21.6,PALE,L,T
EMB,N,,,BxYR,405,1,22,2,2014,3,2,N,17,NONE,TIE,85,1,2,0,1,75.5,F,14.7,15,9,55,O,1,,,,,,AD,,23.7,21.8,GREY,L,T
EMB,N,,,BRxGN,406,1,22,2,2014,3,2,Y,13,NONE,TIE,100,2,1,0,1,79.5,M,16.8,17.1,7,20,O,3,,,,,,JV,,25.4,22.9,PALE,M-H,T
EMB,N,,,WLGxW,407,1,22,2,2014,3,2,Y,129,SHORT,TIE,151,1,1,0,2,79,M,15.3,15.9,18,0,O,2,,,,,,AD,,24.8,22,BLACK,L,T
EMB,N,,,OWBxW,408,1,23,2,2014,3,1,Y,14,NONE,TIE,,,2,0,2,77.5,F,15.2,15,8,0,O,0,,,,,,,,24.8,21.6,GREY,L,T
ALICE,R,,,GxBRN,409,1,20,3,2014,3,1,,,,,,1,1,0.5,2,79,,16.2,16.8,7,0,,,,,,,,,,25.9,23.6,,,
EMB,N,,,GxBRN,409,2,23,2,2014,3,1,Y,144,SHORT,TIE,,1,1,0,2,78.5,M,15.8,16.2,8,10,O,2,,,,,,AD,,25.8,23.2,BLACK,L,T
EMB,N,none,,WxBRN,410,1,23,2,2014,3,1,Y,16,NONE,TIE,,,2,0,1,77.5,F,14.8,15,8,20,O,2,,,,,,,,23.7,21.1,YELLOW,L,T
EMB,N,,,YRYxY.J,411,1,23,2,2014,3,1,Y,94,LONG,TIE,,1,1,0,2,79.5,M,16.2,16.8,9,35,O,3,,,,,,AD,,24.8,22.3,BLACK,L,T
ALICE,R,,,OxLWN,412,1,20,3,2014,3,1,,,,,,,1,0.5,1,78,,16.3,16.9,8,30,,,,,,,,,,25.3,23.1,,,
EMB,N,,,OxLWN,412,2,23,2,2014,3,1,Y,60,LONG,TIE,,,1,0,2,79,(M),17.5,18.1,9,55,O,2,,,,,,JV,,25.3,22.8,YELLOW-GREY,H,T
EMB,N,,,BRxYN,413,1,23,2,2014,3,4,Y,164,SHORT,ELASTIC,36,1,1,0,1,79,M,16,16.9,17,50,O,1,,,,,,AD,,24.9,22.5,GREY,L-M,T
EMB,N,,,OWxON,414,2,23,2,2014,3,4,Y,101,LONG,ELASTIC,36,2,2,0,2,76,F,15.6,16,18,35,O,0,,,,,,JV,8OGC,25.2,22.6,YELLOW,M,T
ALICE,R,,,OWxON,414,1,27,3,2014,3,4,,,,,,2,2,0,2,77,,16.8,17.4,6,50,,,,,,,,,,25.1,22.8,,,
EMB,N,,,OxYRN,415,1,25,2,2014,3,5,N,169,SHORT,TIE,93,2,,0,2,76,F,14.5,15.1,6,45,O,2,,,,,,JV,9OGC,22.6,20.2,PALE GREY,,N
EMB,N,,,GRBxN,416,1,25,2,2014,3,5,Y,81,LONG,ELASTIC,35.5,1,,0,1,82,F,15.9,16.4,8,45,O,2,,,,,,AD,,24.5,21.9,PALE,M,N
EMB,N,,,WLxON,417,1,25,2,2014,3,5,N,78,LONG,TIE,91,1,2,0,1,78,F,15.2,15.8,8,30,O,2,,,,,,AD,,25,22.6,GREY,L,N
MB,N,,,ORBxN,418,2,25,2,2014,3,4,Y,020 C,NONE,TIE,93.5,,2,0,2,77,F,14.4,,17,50,O,0,,,,,,,,24.9,22.7,GREY,,T
ALICE,R,,,ORBxN,418,1,28,3,2014,3,4,,,,,,,2,0.5,2,78,,14.4,15,7,0,,,,,,,,,,25,22.7,,,
EMB,N,,,OWxBN,419,1,26,2,2014,3,4,N,11,NONE,TIE,87,2,2,0,1,75.5,F,15.3,15.7,8,0,O,2,,,,,,,8OGC,25.3,22.5,PINK,H,T
EMB,N,,,LxYRN,420,2,26,2,2014,3,4,Y,19,NONE,TIE,102,2,2,0,2,79.5,F,17.4,17.9,9,0,O,0,,,,,,,9OGC,24.8,21.9,YELLOW,M,T
ALICE,R,,,LxYRN,420,1,27,3,2014,3,4,,,,,,2,2,1,1,80,,16.9,17.5,6,50,,,,,,,,,,24.8,22.8,,,
EMB,N,,,OWGxW,421,2,26,2,2014,3,4,Y,12,NONE,TIE,91,1,2,0,1,79.5,(M),17.7,18.3,9,50,O,3,,,,,,,"9OGC, GROWING 2 BP GC",24.8,21.7,PALE,H,T
ALICE,R,,,OWGxW,421,1,27,3,2014,3,4,,,,,,1,2,0.5,2,80,,17.8,18.4,7,0,,,,,,,,,,24.8,22.3,,,
EMB,N,,,YRBxY,422,1,26,2,2014,3,4,Y,122,SHORT,ELASTIC,35,2,2,0,2,75,F,14.6,15.2,10,30,O,2,,,,,,,GROWING,23.2,20.4,GREY,M,T
EMB,N,,,WLxWN,423,1,26,2,2014,3,4,Y,69,LONG,ELASTIC,36,1,1,0,2,81,M,17,17.4,11,10,O,3,,,,,,,,24.9,22.5,YELLOW,M,T
EMB,N,,,BRLxL,424,1,27,2,2014,3,4,Y,109,LONG,ELASTIC,36,1,1,0,1,79,M,15.8,16.6,7,10,O,3,,,,,,,,24.6,21.8,PINK-GREY,L,T
EMB,N,,,WxLWN,425,1,27,2,2014,3,4,Y,113,LONG,ELASTIC,35,2,1,0,2,81,M,16.2,16.9,8,10,O,3,,,,,,,,25.8,23,PALE,H,T
EMB,N,,,OxBR,426,1,27,2,2014,3,4,N,159,SHORT,ELASTIC,34.5,,2,0,2,78,F,14.8,15.5,8,40,O,2,,,,,,,?8OGC,24.9,22.2,GREY-YELLOW,M,T
EMB,N,,,WLWxW,427,1,27,2,2014,3,4,Y,148,SHORT,ELASTIC,34,2,2,0,1,77,F,14.5,15.1,9,30,O,0,,,,,,,9OGC,24.4,21.6,YELLOW,M,T
ALICE,R,,,WOWxW,428,1,24,3,2014,3,3,,,,,,1,1,0.5,2,78,,16.2,16.8,8,50,,,,,,,,,,25.8,23.5,,,
EMB,N,,,WOWxW,428,2,28,2,2014,3,3,Y,67,LONG,ELASTIC,35,1,1,0,2,78,M,16.7,17.3,8,0,O,3,,,,,,AD,,26,23.7,,L,T
EMB,N,,,WBRxN,429,1,28,2,2014,3,3,Y,160,SHORT,ELASTIC,37,1,1,0,1,81,M,16,16.5,8,10,O,3,,,,,,AD,,25.8,22.9,BLACK,L,T
ALICE,R,,,BxLWN,430,1,24,3,2014,3,3,,,,,,,2,1,2,79.5,,15.2,15.8,6,45,,,,,,,,,,24.8,22.7,,,
EMB,N,,,BxLWN,430,2,28,2,2014,3,3,Y,93,LONG,ELASTIC,34,,2,0,1,79,F,15.9,16.5,8,30,O,2,,,,,,JV,?8OGC,25.4,22.7,PALE GREY-YELLOW,L,T
EMB,N,,,LxWO,431,1,28,2,2014,3,3,Y,83,LONG,ELASTIC,37,1,2,0,1,80,(F),16,16.5,8,45,O,3,,,,,,AD,,26.1,23.4,GREY-YELLOW,L,T
EMB,N,,,YxBRN,432,1,28,2,2014,3,3,N,151,SHORT,ELASTIC,35.5,1,2,0,2,77,F,15.6,16.2,9,25,O,2,,,,,,JV,,24.1,21.4,PALE GREY,M,T
ALICE,R,,,RYxLL,433,1,24,3,2014,3,3,,,,,,2,2,0,1,76.5,,15.3,15.9,7,0,,,,,,,,,,24.7,22.6,,,
EMB,N,,,RYxLL,433,2,28,2,2014,3,3,Y,103,LONG,ELASTIC,37,2,2,0,1,77,F,16.5,17,10,0,O,3,,,,,,JV,7OGC,24.5,21.9,PALE,H,T
EMB,N,,,OxYRB,434,1,28,2,2014,3,3,Y,146,SHORT,ELASTIC,37,2,2,0,2,77,F,14.6,15.2,10,45,O,2,,,,,,JV,8OGC,24.2,21.4,PALE,H,T
EMB,N,,,OWNxN,435,2,1,3,2014,3,3,Y,155,SHORT,ELASTIC,35,2,1,0,1,74,(M),14.9,15.2,8,0,O,3,,,,,,JV,9OGC,24.2,21.6,YELLOW,H,T
ALICE,R,,,OWNxN,435,1,26,3,2014,3,3,,,,,,2,1,0,2,74.5,,14.6,15.2,6,40,,,,,,,,,,24.2,22.2,,,
EMB,N,,,BRYxY,436,1,1,3,2014,3,3,Y,82,LONG,ELASTIC,34.5,1,2,0,1,74,F,15.8,16.3,8,10,O,3,,,,,,AD,,24.5,21.8,BLACK,M,T
EMB,N,,,WRBxW,437,1,1,3,2014,3,3,Y,152,SHORT,ELASTIC,36,,2,0,1,75.5,F,16.5,17,8,35,O,2,,,,,,JV,,24.5,21.9,PINK-GREY,H,T
EMB,N,,,WWxBR,438,2,1,3,2014,3,3,Y,77,LONG,ELASTIC,35,2,2,0,2,76,F,16.1,16.6,10,30,O,2,,,,,,JV,10OGC,25.1,22.6,PALE,M,T
ALICE,R,,,WWxBR,438,1,25,3,2014,3,3,,,,,,2,2,0.5,2,76.5,,15.6,16.2,6,50,,,,,,,,,,24.7,22.6,,,
EMB,N,,,LWLxL,439,1,1,3,2014,3,3,Y,124,SHORT,ELASTIC,36.5,2,1,0,1,83,(F),16.5,17.1,10,50,O,3,,,,,,JV,moulting,25.7,22.9,YELLOW+BLACK,M,T
EMB,N,,,BxWO,440,1,1,3,2014,3,3,Y,64,LONG,ELASTIC,35.5,,2,0,2,77,F,15.6,16.3,11,0,O,2,,,,,,JV,,24.9,22.5,PALE,M/H,T
EMB,N,,,NYRxN,441,1,1,3,2014,3,3,N,85,LONG,ELASTIC,36,,1,0,1,78.5,M,15.3,15.6,11,35,O,3,,,,,,,,25.2,22.3,YELLOW,H,T
EMB,N,,,OxYR,442,1,1,3,2014,3,3,N,116,SHORT,ELASTIC,35.6,2,1,0,2,76.5,M,16.7,17.1,11,45,O,2,,,,,,,,25.2,22.4,PALE,H,T
EMB,N,,,LYRxL,443,1,1,3,2014,3,3,N,105,LONG,ELASTIC,36,2,1,0,2,78.5,M,17.5,18.1,12,5,O,3,,,,,,,,24.8,21.7,BLACK,L,T
EMB,N,,,WxRY,444,1,1,3,2014,3,3,N,137,SHORT,ELASTIC,34,1,2,0,2,77,F,16.8,17.4,12,55,O,1,,,,,,AD,,24.2,21.5,PALE GREY,L,T
EMB,N,,,WLxBN,445,2,2,3,2014,3,3,Y,150,SHORT,ELASTIC,35,1,1,0,2,79,M,19,19.6,8,5,O,3,,,,,,AD,,24.7,22.4,BLACK,L,T
ALICE,R,,,WLxBN,445,1,25,3,2014,3,3,,,,,,1,1,2,2,80,,17.4,18,7,40,,,,,,,,,,24.2,22.1,,,
EMB,N,,,YRYxB,446,1,2,3,2014,3,3,Y,86,LONG,ELASTIC,36,1,1,0,1,78,M,16.9,17.5,8,40,O,2,,,,,,AD,,25.8,23.2,PALE GREY,L,T
ALICE,N,AP88901,447,RmxWW,447,1,4,3,2014,3,1,Y,none,,,,1,2,2,2,76,F,18.4,,10,0,O,2,,,,,,,,25,22.6,dark,,
ALICE,N,AP87186,448,mLxRR,448,1,8,3,2014,3,1,N,none,,,,1,1,1,1,80,M,17.5,,9,0,O,2,,,,,,,,24.2,21.8,dark,,
ALICE,N,AP87187,449,mWxWR,449,1,8,3,2014,3,1,Y,none,,,,1,2,0,2,79,F,16.7,,9,15,O,3,,,,,,,,24.9,22.5,dark,,
ALICE,N,AP87188,450,mBxRO,450,1,8,3,2014,3,1,Y,none,,,,1,1,4,2,79,M,20.9,,9,30,O,1,,,,,,,,24.8,22.5,dark,,
ALICE,N,AP87189,451,mYxBB,451,1,8,3,2014,3,1,Y,none,,,,2,2,1,1,77,F,15.5,,9,45,O,1,,,,,,,,24.8,22.3,dark,,
ALICE,N,AP87190,452,mOxRY,452,1,8,3,2014,3,1,Y,none,,,,1,2,2,1,79,(M),18.2,,10,20,O,2,,,,,,,,27.1,25.1,dark,,
ALICE,N,AP87191,453,mRxYR,453,1,8,3,2014,3,1,Y,none,,,,1,2,2,2,75,F,16.6,,11,30,O,3,,,,,,,,25,22.9,dark,,
ALICE,N,AP8999,455,mOxWR,455,1,24,3,2014,3,3,Y,none,,,,1,2,2,2,78.5,,17.5,,9,15,O,0,,,,,,,,25,22.4,,,
ALICE,N,AP8998,456,mRxYY,456,1,24,3,2014,3,3,Y,none,,,,2,2,0.5,1,77,,13.9,,9,50,O,1,,,,,,,,23.4,21.5,,,
ALICE,N,AP87192,457,mWxRW,457,1,25,3,2014,3,3,N,none,,,,1,2,1,2,79.5,,16.5,,6,50,O,2,,,,,,,,24.3,22.6,,,
ALICE,N,AP87193,458,mOxOR,458,1,25,3,2014,3,3,Y,none,,,,1,1,2,1,79.5,,15.9,,7,40,O,0,,,,,,,,24,22.7,,,
ALICE,N,AP87194,459,mRxLY,459,1,27,3,2014,3,4,N,none,,,,1,2,1,1,75,,15.7,,6,30,O,2,,,,,,,,23.9,21.8,,,
ALICE,N,AP87195,460,mRxRN,460,1,1,4,2014,3,2,Y,none,,,,2,1,1,2,80,,16.1,,8,45,O,1,,,,,,,,24.8,22,,,
ALICE,N,AP87196,461,mLxBR,461,1,24,3,2014,3,3,N,none,,,,1,1,1,1,82.5,,15.4,,6,45,O,1,,,,,,,,25.6,23.4,,,N
ALICE,N,,462,YOxmR,462,1,28,3,2014,3,4,,none,,,,,2,0,1,76,,14.4,,7,0,,,,,,,,,,25,22.8,,,
